ci_nit,nombres_razon_social,tipo_persona,telefono,email,direccion_fiscal,estado
6357957LP,Valeria Flores Mamani,N,76659887,contribuyente1@mail.com,Av. Arce # 13,Inactivo
2807726LP,Jorge Rojas Perez,N,77330261,contribuyente2@mail.com,Plaza Principal # 157,Activo
9187336LP,Maria Gomez Mamani,N,77968988,contribuyente3@mail.com,Av. 6 de Agosto # 95,Observado
2840742LP,Sofia Rojas Rojas,N,77061624,contribuyente4@mail.com,Av. Arce # 153,Activo
3301137LP,Maria Lopez Quispe,N,77087396,contribuyente5@mail.com,Av. Arce # 498,Activo
6026989LP,Maria Gomez Flores,N,76282981,contribuyente6@mail.com,Plaza Principal # 137,Activo
8549403LP,Pedro Mamani Quispe,N,77302636,contribuyente7@mail.com,Calle Sucre # 149,Inactivo
1461497LP,Pedro Rojas Vargas,N,76288853,contribuyente8@mail.com,Calle Potosí # 150,Activo
8665560LP,Lucia Flores Flores,N,76501993,contribuyente9@mail.com,Av. 6 de Agosto # 287,Activo
6137325LP,Luis Rojas Lopez,N,77707460,contribuyente10@mail.com,Av. Arce # 431,Activo
6704709LP,Jorge Flores Mamani,N,76937043,contribuyente11@mail.com,El Prado # 283,Activo
6610406LP,Luis Vargas Quispe,N,76769918,contribuyente12@mail.com,Av. 6 de Agosto # 165,Activo
7452438LP,Pedro Flores Condori,N,77331599,contribuyente13@mail.com,Av. 6 de Agosto # 38,Activo
7025259LP,Ana Vargas Gomez,N,76625490,contribuyente14@mail.com,Plaza Principal # 60,Activo
6652932LP,Maria Gomez Gomez,N,76036471,contribuyente15@mail.com,Av. Arce # 119,Activo
5122180LP,Pedro Quispe Flores,N,77163532,contribuyente16@mail.com,Calle Potosí # 325,Activo
1178967LP,Valeria Flores Vargas,N,76697872,contribuyente17@mail.com,Plaza Principal # 191,Activo
8280730LP,Jorge Condori Gomez,N,77190824,contribuyente18@mail.com,Av. Arce # 245,Observado
3294178LP,Luis Gomez Quispe,N,76029485,contribuyente19@mail.com,El Prado # 50,Activo
9576310LP,Jorge Rojas Mamani,N,76295992,contribuyente20@mail.com,Av. Arce # 249,Activo
5672935LP,Valeria Rojas Perez,N,77348481,contribuyente21@mail.com,Calle Potosí # 421,Activo
5048457LP,Miguel Condori Vargas,N,76688348,contribuyente22@mail.com,Plaza Principal # 420,Activo
4543286LP,Ana Quispe Quispe,N,77704958,contribuyente23@mail.com,Av. Arce # 87,Activo
1628111LP,Carlos Vargas Lopez,N,76306295,contribuyente24@mail.com,Calle Potosí # 361,Activo
2924297LP,Carlos Flores Condori,N,76451768,contribuyente25@mail.com,Av. Arce # 26,Inactivo
5935281LP,Sofia Fernandez Vargas,N,77064493,contribuyente26@mail.com,Plaza Principal # 308,Inactivo
6228772LP,Valeria Flores Gomez,N,77197934,contribuyente27@mail.com,Av. 6 de Agosto # 15,Activo
2097656LP,Lucia Fernandez Fernandez,N,77974910,contribuyente28@mail.com,Av. 6 de Agosto # 303,Observado
2841215LP,Valeria Flores Rojas,N,77485869,contribuyente29@mail.com,Plaza Principal # 472,Inactivo
4432232LP,Luis Perez Gomez,N,77611643,contribuyente30@mail.com,Av. 6 de Agosto # 390,Activo
2321450LP,Maria Quispe Perez,N,76422503,contribuyente31@mail.com,Calle Potosí # 82,Activo
4268387LP,Ana Rojas Gomez,N,76961390,contribuyente32@mail.com,Plaza Principal # 320,Activo
9047542LP,Pedro Rojas Gomez,N,76181219,contribuyente33@mail.com,Calle Sucre # 263,Activo
9462051LP,Sofia Condori Gomez,N,76847727,contribuyente34@mail.com,Av. 6 de Agosto # 476,Activo
1145370LP,Lucia Mamani Gomez,N,76181730,contribuyente35@mail.com,Calle Potosí # 257,Activo
3464765LP,Luis Perez Fernandez,N,77164192,contribuyente36@mail.com,Av. 6 de Agosto # 481,Activo
7472549LP,Ana Lopez Rojas,N,77878848,contribuyente37@mail.com,Av. 6 de Agosto # 482,Activo
2206614LP,Luis Condori Rojas,N,76410896,contribuyente38@mail.com,El Prado # 58,Activo
1482301LP,Miguel Gomez Fernandez,N,76165107,contribuyente39@mail.com,Av. 6 de Agosto # 396,Inactivo
1386757LP,Miguel Condori Perez,N,77017359,contribuyente40@mail.com,Av. Arce # 466,Inactivo
6590627LP,Pedro Condori Flores,N,76277162,contribuyente41@mail.com,El Prado # 414,Activo
5141091LP,Carlos Condori Vargas,N,76993542,contribuyente42@mail.com,Av. 6 de Agosto # 126,Activo
8737316LP,Lucia Quispe Gomez,N,77983724,contribuyente43@mail.com,Av. Arce # 122,Activo
7033905LP,Carlos Lopez Quispe,N,77367465,contribuyente44@mail.com,Calle Potosí # 274,Activo
2681050LP,Valeria Condori Quispe,N,77476887,contribuyente45@mail.com,Plaza Principal # 185,Activo
6990582LP,Jorge Perez Vargas,N,77638766,contribuyente46@mail.com,Calle Sucre # 109,Activo
7408229LP,Sofia Quispe Rojas,N,76435279,contribuyente47@mail.com,Calle Potosí # 404,Activo
5913496LP,Sofia Condori Mamani,N,76791161,contribuyente48@mail.com,Calle Potosí # 123,Inactivo
2484621LP,Valeria Vargas Flores,N,77769644,contribuyente49@mail.com,Av. Arce # 370,Inactivo
3881491LP,Pedro Quispe Gomez,N,76516114,contribuyente50@mail.com,Calle Sucre # 332,Activo
4200783LP,Lucia Mamani Condori,N,76752557,contribuyente51@mail.com,Calle Sucre # 365,Activo
3563214LP,Maria Mamani Condori,N,76885529,contribuyente52@mail.com,Av. 6 de Agosto # 107,Activo
3761542LP,Pedro Quispe Fernandez,N,77805942,contribuyente53@mail.com,Calle Sucre # 142,Activo
3470406LP,Carlos Rojas Gomez,N,77669522,contribuyente54@mail.com,Av. Arce # 225,Activo
8904286LP,Lucia Flores Fernandez,N,76498203,contribuyente55@mail.com,Av. 6 de Agosto # 346,Activo
4587245LP,Pedro Gomez Fernandez,N,77696944,contribuyente56@mail.com,Plaza Principal # 474,Activo
2915862LP,Sofia Fernandez Perez,N,76660715,contribuyente57@mail.com,Av. Arce # 135,Activo
6124365LP,Carlos Lopez Flores,N,76086349,contribuyente58@mail.com,El Prado # 236,Inactivo
1812549LP,Jorge Flores Lopez,N,77584128,contribuyente59@mail.com,Av. 6 de Agosto # 281,Activo
6065466LP,Lucia Perez Flores,N,77539609,contribuyente60@mail.com,Av. Arce # 405,Inactivo
8808146LP,Ana Condori Flores,N,76479110,contribuyente61@mail.com,Plaza Principal # 62,Activo
5119182LP,Ana Condori Flores,N,76419443,contribuyente62@mail.com,Calle Sucre # 203,Activo
8307373LP,Carlos Rojas Mamani,N,77859289,contribuyente63@mail.com,Plaza Principal # 391,Activo
2923153LP,Carlos Mamani Quispe,N,76163074,contribuyente64@mail.com,Calle Sucre # 283,Activo
7754434LP,Pedro Vargas Mamani,N,76073256,contribuyente65@mail.com,Calle Sucre # 258,Activo
3628109LP,Jorge Fernandez Mamani,N,76699088,contribuyente66@mail.com,Calle Sucre # 203,Inactivo
7395472LP,Valeria Fernandez Lopez,N,77115773,contribuyente67@mail.com,Av. Arce # 134,Activo
7371427LP,Miguel Gomez Fernandez,N,76881747,contribuyente68@mail.com,El Prado # 339,Activo
5482457LP,Maria Fernandez Vargas,N,76257527,contribuyente69@mail.com,Calle Potosí # 29,Inactivo
9530272LP,Luis Gomez Lopez,N,76475211,contribuyente70@mail.com,Plaza Principal # 134,Activo
6219885LP,Valeria Quispe Vargas,N,77666244,contribuyente71@mail.com,El Prado # 380,Inactivo
8122008LP,Carlos Quispe Quispe,N,77462488,contribuyente72@mail.com,Calle Sucre # 489,Activo
4130711LP,Miguel Lopez Vargas,N,76660128,contribuyente73@mail.com,El Prado # 250,Inactivo
2277817LP,Ana Rojas Condori,N,76211235,contribuyente74@mail.com,Calle Potosí # 299,Activo
6467299LP,Jorge Rojas Condori,N,76057645,contribuyente75@mail.com,Calle Potosí # 430,Activo
4923994LP,Sofia Rojas Fernandez,N,76201593,contribuyente76@mail.com,Calle Potosí # 462,Activo
3338075LP,Luis Perez Lopez,N,77594016,contribuyente77@mail.com,El Prado # 222,Activo
1222601LP,Miguel Lopez Mamani,N,77675621,contribuyente78@mail.com,Calle Sucre # 77,Activo
5562037LP,Valeria Lopez Condori,N,76996156,contribuyente79@mail.com,Calle Potosí # 463,Activo
4085611LP,Carlos Vargas Condori,N,77020127,contribuyente80@mail.com,El Prado # 292,Observado
7028982LP,Luis Mamani Lopez,N,77252817,contribuyente81@mail.com,El Prado # 179,Activo
2914655LP,Sofia Vargas Fernandez,N,77310667,contribuyente82@mail.com,Calle Potosí # 420,Inactivo
5683574LP,Lucia Quispe Flores,N,76757708,contribuyente83@mail.com,Av. Arce # 115,Activo
2702353LP,Pedro Lopez Vargas,N,77103780,contribuyente84@mail.com,El Prado # 61,Activo
8143935LP,Pedro Mamani Perez,N,76579928,contribuyente85@mail.com,Av. 6 de Agosto # 235,Activo
1525692LP,Carlos Vargas Gomez,N,76548343,contribuyente86@mail.com,Plaza Principal # 84,Activo
9997696LP,Pedro Quispe Perez,N,77939156,contribuyente87@mail.com,Av. 6 de Agosto # 375,Activo
7522820LP,Miguel Flores Lopez,N,77753219,contribuyente88@mail.com,El Prado # 82,Activo
1735299LP,Sofia Flores Perez,N,77054345,contribuyente89@mail.com,Av. Arce # 274,Activo
5772345LP,Carlos Quispe Mamani,N,76758401,contribuyente90@mail.com,Calle Sucre # 436,Activo
6597294LP,Lucia Lopez Quispe,N,76654473,contribuyente91@mail.com,Av. 6 de Agosto # 311,Activo
3489213LP,Valeria Condori Gomez,N,77201836,contribuyente92@mail.com,Calle Potosí # 44,Activo
7540772LP,Jorge Lopez Condori,N,76927646,contribuyente93@mail.com,Av. Arce # 252,Activo
6677720LP,Luis Mamani Quispe,N,76769381,contribuyente94@mail.com,Av. Arce # 90,Activo
4686051LP,Sofia Mamani Fernandez,N,77628778,contribuyente95@mail.com,Av. 6 de Agosto # 326,Activo
8457533LP,Lucia Vargas Vargas,N,76450713,contribuyente96@mail.com,Plaza Principal # 42,Inactivo
1500393LP,Ana Quispe Fernandez,N,77904358,contribuyente97@mail.com,Av. 6 de Agosto # 53,Activo
7545030LP,Carlos Fernandez Flores,N,76763126,contribuyente98@mail.com,Av. Arce # 472,Activo
1719259LP,Maria Lopez Condori,N,76938407,contribuyente99@mail.com,Av. 6 de Agosto # 330,Activo
5238747LP,Carlos Mamani Mamani,N,77860883,contribuyente100@mail.com,Plaza Principal # 368,Activo
5058244LP,Lucia Rojas Rojas,N,76648867,contribuyente101@mail.com,El Prado # 126,Activo
8548449LP,Carlos Quispe Lopez,N,77776322,contribuyente102@mail.com,Plaza Principal # 192,Activo
3086779LP,Valeria Gomez Vargas,N,76783097,contribuyente103@mail.com,Calle Potosí # 185,Observado
4043077LP,Lucia Flores Fernandez,N,76583794,contribuyente104@mail.com,Calle Sucre # 181,Activo
3959764LP,Jorge Mamani Lopez,N,77787988,contribuyente105@mail.com,Av. 6 de Agosto # 350,Activo
6611731LP,Sofia Perez Vargas,N,76542563,contribuyente106@mail.com,Av. 6 de Agosto # 16,Inactivo
1492413LP,Luis Quispe Fernandez,N,76899358,contribuyente107@mail.com,El Prado # 224,Activo
8289424LP,Sofia Mamani Vargas,N,76995012,contribuyente108@mail.com,Av. Arce # 202,Activo
2607149LP,Lucia Gomez Condori,N,77057433,contribuyente109@mail.com,Av. 6 de Agosto # 271,Activo
1105246LP,Sofia Quispe Mamani,N,76009894,contribuyente110@mail.com,Av. 6 de Agosto # 423,Activo
6724561LP,Sofia Flores Fernandez,N,77055888,contribuyente111@mail.com,El Prado # 373,Activo
8094586LP,Ana Flores Lopez,N,76600526,contribuyente112@mail.com,Calle Potosí # 57,Observado
1836447LP,Jorge Mamani Vargas,N,76205931,contribuyente113@mail.com,Av. Arce # 499,Activo
8176516LP,Pedro Flores Condori,N,76927512,contribuyente114@mail.com,Av. 6 de Agosto # 300,Inactivo
3828188LP,Carlos Vargas Mamani,N,76579242,contribuyente115@mail.com,El Prado # 78,Inactivo
2707941LP,Jorge Mamani Vargas,N,76651179,contribuyente116@mail.com,Calle Potosí # 490,Inactivo
9571340LP,Maria Gomez Flores,N,77437576,contribuyente117@mail.com,Plaza Principal # 274,Activo
9392860LP,Ana Fernandez Rojas,N,77099444,contribuyente118@mail.com,Calle Sucre # 122,Activo
3503389LP,Miguel Rojas Rojas,N,77549315,contribuyente119@mail.com,Calle Potosí # 375,Activo
8114825LP,Miguel Lopez Rojas,N,76533348,contribuyente120@mail.com,Calle Sucre # 435,Inactivo
3107366LP,Miguel Vargas Gomez,N,77485100,contribuyente121@mail.com,Av. Arce # 181,Activo
9230765LP,Jorge Perez Fernandez,N,77090284,contribuyente122@mail.com,Plaza Principal # 352,Activo
2302083LP,Pedro Vargas Gomez,N,77068124,contribuyente123@mail.com,Av. Arce # 104,Activo
7649096LP,Valeria Condori Mamani,N,76587322,contribuyente124@mail.com,Av. 6 de Agosto # 15,Inactivo
9757444LP,Jorge Gomez Rojas,N,77937087,contribuyente125@mail.com,Calle Sucre # 318,Activo
1139503LP,Sofia Fernandez Flores,N,77748555,contribuyente126@mail.com,Calle Potosí # 339,Activo
4746393LP,Lucia Mamani Perez,N,77130314,contribuyente127@mail.com,Av. 6 de Agosto # 246,Inactivo
6000236LP,Ana Perez Vargas,N,77091934,contribuyente128@mail.com,Av. 6 de Agosto # 99,Activo
8053696LP,Jorge Condori Lopez,N,77061619,contribuyente129@mail.com,Plaza Principal # 271,Activo
9804863LP,Sofia Rojas Fernandez,N,77003882,contribuyente130@mail.com,Calle Potosí # 316,Activo
7003034LP,Miguel Gomez Vargas,N,76854359,contribuyente131@mail.com,Plaza Principal # 493,Activo
5211008LP,Sofia Fernandez Vargas,N,77992248,contribuyente132@mail.com,El Prado # 377,Activo
1477384LP,Ana Gomez Condori,N,77407591,contribuyente133@mail.com,Av. 6 de Agosto # 398,Activo
8384994LP,Miguel Gomez Gomez,N,77734274,contribuyente134@mail.com,El Prado # 13,Activo
7029837LP,Ana Lopez Gomez,N,77584077,contribuyente135@mail.com,Av. 6 de Agosto # 214,Activo
5842893LP,Lucia Perez Vargas,N,77888181,contribuyente136@mail.com,Av. Arce # 15,Activo
1926612LP,Miguel Quispe Condori,N,77669167,contribuyente137@mail.com,Calle Sucre # 259,Activo
5374915LP,Sofia Perez Flores,N,76060373,contribuyente138@mail.com,Plaza Principal # 274,Activo
3125238LP,Ana Lopez Vargas,N,77233239,contribuyente139@mail.com,Calle Potosí # 249,Activo
2810876LP,Luis Perez Gomez,N,77860340,contribuyente140@mail.com,Av. 6 de Agosto # 180,Activo
6800496LP,Carlos Gomez Perez,N,76128702,contribuyente141@mail.com,Calle Potosí # 51,Activo
7926895LP,Carlos Mamani Vargas,N,77753141,contribuyente142@mail.com,Av. Arce # 254,Activo
4356566LP,Pedro Rojas Fernandez,N,77914772,contribuyente143@mail.com,Calle Sucre # 59,Activo
8271062LP,Sofia Quispe Gomez,N,76524910,contribuyente144@mail.com,Calle Potosí # 444,Activo
1876317LP,Valeria Gomez Flores,N,76031157,contribuyente145@mail.com,Plaza Principal # 258,Activo
4846019LP,Ana Condori Gomez,N,76739311,contribuyente146@mail.com,Plaza Principal # 13,Activo
9692050LP,Ana Lopez Perez,N,76481824,contribuyente147@mail.com,Plaza Principal # 34,Activo
2563002LP,Pedro Flores Condori,N,76024889,contribuyente148@mail.com,Calle Potosí # 347,Observado
4161338LP,Miguel Lopez Rojas,N,77142024,contribuyente149@mail.com,Plaza Principal # 472,Activo
6210318LP,Carlos Fernandez Lopez,N,76166058,contribuyente150@mail.com,Calle Sucre # 384,Activo
7611598LP,Lucia Flores Gomez,N,77454744,contribuyente151@mail.com,El Prado # 241,Activo
5617027LP,Maria Mamani Condori,N,77060232,contribuyente152@mail.com,Plaza Principal # 157,Inactivo
4088226LP,Pedro Fernandez Quispe,N,76036519,contribuyente153@mail.com,Av. 6 de Agosto # 464,Activo
9022103LP,Jorge Quispe Gomez,N,76654566,contribuyente154@mail.com,Calle Sucre # 449,Activo
4651919LP,Lucia Lopez Fernandez,N,77489214,contribuyente155@mail.com,Calle Potosí # 208,Activo
1395138LP,Sofia Lopez Perez,N,76477546,contribuyente156@mail.com,Calle Potosí # 59,Activo
6955376LP,Lucia Condori Fernandez,N,76167843,contribuyente157@mail.com,Calle Potosí # 183,Inactivo
4136927LP,Miguel Condori Quispe,N,77565093,contribuyente158@mail.com,Calle Potosí # 463,Activo
3046031LP,Maria Lopez Perez,N,76650532,contribuyente159@mail.com,Plaza Principal # 463,Inactivo
3418143LP,Luis Fernandez Lopez,N,76935290,contribuyente160@mail.com,Plaza Principal # 69,Activo
1180183LP,Pedro Quispe Perez,N,76613679,contribuyente161@mail.com,Av. 6 de Agosto # 359,Activo
3265605LP,Lucia Vargas Fernandez,N,77134254,contribuyente162@mail.com,Av. Arce # 388,Activo
2723328LP,Jorge Condori Fernandez,N,77255042,contribuyente163@mail.com,Calle Potosí # 334,Activo
6360229LP,Carlos Fernandez Fernandez,N,76125742,contribuyente164@mail.com,Av. Arce # 25,Activo
2614515LP,Carlos Perez Perez,N,77591700,contribuyente165@mail.com,Calle Sucre # 44,Activo
9907740LP,Carlos Quispe Fernandez,N,77328949,contribuyente166@mail.com,Plaza Principal # 158,Activo
3304836LP,Carlos Condori Vargas,N,76591744,contribuyente167@mail.com,Calle Sucre # 275,Activo
4040912LP,Luis Mamani Condori,N,76609891,contribuyente168@mail.com,Calle Potosí # 315,Activo
1818612LP,Lucia Flores Quispe,N,77847431,contribuyente169@mail.com,El Prado # 156,Activo
2135714LP,Ana Flores Vargas,N,76807936,contribuyente170@mail.com,Calle Potosí # 417,Activo
7738373LP,Jorge Quispe Vargas,N,77573022,contribuyente171@mail.com,Av. 6 de Agosto # 227,Activo
1501978LP,Valeria Vargas Gomez,N,77254325,contribuyente172@mail.com,El Prado # 159,Inactivo
9105914LP,Maria Lopez Quispe,N,77300261,contribuyente173@mail.com,Av. Arce # 150,Activo
4098962LP,Maria Mamani Fernandez,N,76593572,contribuyente174@mail.com,Calle Potosí # 214,Activo
3573495LP,Maria Lopez Condori,N,76749406,contribuyente175@mail.com,El Prado # 154,Observado
4750562LP,Carlos Lopez Lopez,N,76214991,contribuyente176@mail.com,Av. Arce # 465,Activo
3041090LP,Ana Quispe Fernandez,N,76252727,contribuyente177@mail.com,El Prado # 419,Activo
2492107LP,Lucia Perez Quispe,N,76147630,contribuyente178@mail.com,Calle Potosí # 334,Activo
9516069LP,Ana Flores Mamani,N,77999857,contribuyente179@mail.com,Av. Arce # 472,Activo
3238574LP,Maria Condori Mamani,N,76411789,contribuyente180@mail.com,Plaza Principal # 383,Activo
7489044LP,Lucia Condori Lopez,N,77186560,contribuyente181@mail.com,Calle Sucre # 234,Activo
7087785LP,Carlos Condori Condori,N,76626179,contribuyente182@mail.com,Av. Arce # 306,Activo
3434331LP,Pedro Condori Quispe,N,76186947,contribuyente183@mail.com,Plaza Principal # 208,Activo
9897468LP,Lucia Condori Rojas,N,76058026,contribuyente184@mail.com,Calle Sucre # 494,Activo
4129151LP,Sofia Vargas Fernandez,N,76092821,contribuyente185@mail.com,Av. Arce # 110,Activo
8781518LP,Luis Lopez Mamani,N,76268467,contribuyente186@mail.com,Av. Arce # 453,Inactivo
6116670LP,Jorge Fernandez Condori,N,76579124,contribuyente187@mail.com,El Prado # 32,Activo
2910001LP,Pedro Vargas Mamani,N,76319495,contribuyente188@mail.com,Calle Potosí # 280,Activo
3428025LP,Miguel Mamani Fernandez,N,76923993,contribuyente189@mail.com,Calle Sucre # 45,Activo
6303304LP,Sofia Fernandez Lopez,N,77050372,contribuyente190@mail.com,Av. 6 de Agosto # 319,Activo
4840048LP,Valeria Quispe Perez,N,76885554,contribuyente191@mail.com,Calle Sucre # 446,Observado
9980450LP,Valeria Fernandez Fernandez,N,76665387,contribuyente192@mail.com,Av. 6 de Agosto # 309,Activo
9740736LP,Lucia Quispe Vargas,N,77082933,contribuyente193@mail.com,El Prado # 187,Activo
8157364LP,Ana Vargas Vargas,N,77303845,contribuyente194@mail.com,Calle Potosí # 343,Activo
8872767LP,Miguel Quispe Fernandez,N,76234820,contribuyente195@mail.com,Av. Arce # 477,Activo
5034752LP,Ana Fernandez Fernandez,N,77576774,contribuyente196@mail.com,Av. Arce # 485,Activo
9170880LP,Miguel Mamani Condori,N,77727759,contribuyente197@mail.com,Calle Potosí # 424,Activo
1209406LP,Pedro Vargas Fernandez,N,76104939,contribuyente198@mail.com,Av. 6 de Agosto # 175,Inactivo
7468267LP,Jorge Vargas Lopez,N,76576395,contribuyente199@mail.com,Av. Arce # 83,Inactivo
3342547LP,Jorge Gomez Lopez,N,76646764,contribuyente200@mail.com,Av. Arce # 125,Activo
4668534LP,Ana Flores Mamani,N,77357912,contribuyente201@mail.com,Av. 6 de Agosto # 239,Activo
9386615LP,Sofia Fernandez Rojas,N,76454114,contribuyente202@mail.com,Calle Sucre # 188,Activo
9018406LP,Maria Quispe Perez,N,77285229,contribuyente203@mail.com,El Prado # 425,Activo
8776532LP,Sofia Gomez Lopez,N,76323364,contribuyente204@mail.com,Plaza Principal # 317,Activo
9933051LP,Sofia Perez Mamani,N,77287504,contribuyente205@mail.com,El Prado # 205,Inactivo
4233292LP,Pedro Rojas Flores,N,77110340,contribuyente206@mail.com,Av. 6 de Agosto # 221,Inactivo
4056129LP,Ana Lopez Perez,N,76488624,contribuyente207@mail.com,Av. Arce # 47,Activo
8793194LP,Sofia Flores Fernandez,N,76947211,contribuyente208@mail.com,Calle Sucre # 135,Activo
1382358LP,Luis Vargas Fernandez,N,76281113,contribuyente209@mail.com,El Prado # 69,Activo
5702574LP,Miguel Gomez Quispe,N,77336463,contribuyente210@mail.com,Av. 6 de Agosto # 325,Activo
1343033LP,Lucia Rojas Fernandez,N,77861058,contribuyente211@mail.com,Calle Potosí # 388,Activo
7682577LP,Ana Mamani Condori,N,76280528,contribuyente212@mail.com,Av. 6 de Agosto # 452,Activo
6987696LP,Lucia Mamani Condori,N,76036528,contribuyente213@mail.com,Av. 6 de Agosto # 225,Inactivo
1266252LP,Sofia Perez Condori,N,76836934,contribuyente214@mail.com,Calle Potosí # 104,Activo
6570902LP,Ana Mamani Condori,N,77164583,contribuyente215@mail.com,Calle Sucre # 470,Activo
9727487LP,Pedro Perez Condori,N,77579530,contribuyente216@mail.com,Av. Arce # 338,Inactivo
1196310LP,Jorge Rojas Condori,N,77414017,contribuyente217@mail.com,Plaza Principal # 57,Inactivo
4955567LP,Maria Gomez Vargas,N,76052573,contribuyente218@mail.com,Calle Sucre # 269,Activo
5196199LP,Miguel Perez Fernandez,N,77287845,contribuyente219@mail.com,Plaza Principal # 270,Activo
1735838LP,Valeria Vargas Flores,N,76696019,contribuyente220@mail.com,El Prado # 388,Activo
5636615LP,Pedro Gomez Lopez,N,76456845,contribuyente221@mail.com,El Prado # 334,Activo
7562314LP,Luis Lopez Rojas,N,77910022,contribuyente222@mail.com,Av. 6 de Agosto # 474,Activo
2885581LP,Maria Quispe Lopez,N,76907118,contribuyente223@mail.com,Calle Potosí # 138,Activo
8272220LP,Lucia Lopez Lopez,N,76936465,contribuyente224@mail.com,El Prado # 312,Activo
4712313LP,Luis Fernandez Rojas,N,76120558,contribuyente225@mail.com,Av. 6 de Agosto # 42,Activo
8072294LP,Pedro Quispe Vargas,N,76171203,contribuyente226@mail.com,Av. 6 de Agosto # 209,Activo
5681244LP,Pedro Quispe Lopez,N,76495826,contribuyente227@mail.com,Av. Arce # 427,Activo
5072972LP,Ana Condori Quispe,N,76774151,contribuyente228@mail.com,Av. Arce # 296,Activo
4914519LP,Miguel Fernandez Fernandez,N,76191976,contribuyente229@mail.com,El Prado # 488,Activo
6438742LP,Luis Lopez Flores,N,77425554,contribuyente230@mail.com,Av. 6 de Agosto # 462,Activo
7421368LP,Sofia Fernandez Flores,N,76432487,contribuyente231@mail.com,Calle Sucre # 308,Activo
9345531LP,Ana Perez Flores,N,77874134,contribuyente232@mail.com,Plaza Principal # 95,Activo
8084098LP,Sofia Fernandez Perez,N,77918658,contribuyente233@mail.com,Calle Potosí # 103,Activo
9519673LP,Maria Vargas Gomez,N,76400114,contribuyente234@mail.com,Av. 6 de Agosto # 169,Activo
1777903LP,Sofia Rojas Lopez,N,76530311,contribuyente235@mail.com,Av. 6 de Agosto # 222,Activo
3024329LP,Maria Condori Gomez,N,76666065,contribuyente236@mail.com,El Prado # 114,Activo
5796667LP,Lucia Condori Perez,N,77297493,contribuyente237@mail.com,Plaza Principal # 277,Activo
9695645LP,Pedro Condori Lopez,N,76095477,contribuyente238@mail.com,Calle Potosí # 143,Activo
7376182LP,Jorge Lopez Quispe,N,77889669,contribuyente239@mail.com,Calle Potosí # 159,Activo
2004708LP,Miguel Quispe Gomez,N,77321921,contribuyente240@mail.com,Calle Sucre # 350,Activo
5252829LP,Ana Fernandez Flores,N,77638199,contribuyente241@mail.com,Calle Potosí # 49,Activo
5496737LP,Carlos Lopez Mamani,N,77609939,contribuyente242@mail.com,Av. 6 de Agosto # 315,Activo
7360036LP,Lucia Gomez Flores,N,77480490,contribuyente243@mail.com,El Prado # 441,Activo
6626617LP,Pedro Fernandez Condori,N,77440735,contribuyente244@mail.com,Plaza Principal # 56,Activo
5121560LP,Luis Vargas Condori,N,77601333,contribuyente245@mail.com,Av. 6 de Agosto # 466,Activo
5441971LP,Pedro Gomez Rojas,N,77891783,contribuyente246@mail.com,Calle Potosí # 341,Activo
1526461LP,Lucia Gomez Rojas,N,76592799,contribuyente247@mail.com,Calle Potosí # 90,Inactivo
7329794LP,Ana Flores Perez,N,76900278,contribuyente248@mail.com,Plaza Principal # 318,Activo
1818509LP,Sofia Vargas Rojas,N,76169618,contribuyente249@mail.com,Calle Potosí # 372,Activo
2161102LP,Miguel Lopez Fernandez,N,77457100,contribuyente250@mail.com,Calle Potosí # 190,Activo
9629110LP,Lucia Gomez Perez,N,77179411,contribuyente251@mail.com,El Prado # 237,Activo
3258218LP,Miguel Gomez Condori,N,77680049,contribuyente252@mail.com,Calle Sucre # 468,Observado
4855650LP,Jorge Quispe Vargas,N,77255875,contribuyente253@mail.com,Plaza Principal # 40,Activo
1062970LP,Lucia Fernandez Flores,N,76639512,contribuyente254@mail.com,Calle Sucre # 319,Activo
7947842LP,Jorge Perez Quispe,N,76523376,contribuyente255@mail.com,Calle Sucre # 398,Activo
2090862LP,Miguel Gomez Gomez,N,77992107,contribuyente256@mail.com,Av. Arce # 491,Activo
5288469LP,Carlos Lopez Rojas,N,77017997,contribuyente257@mail.com,Av. 6 de Agosto # 375,Activo
5327281LP,Valeria Fernandez Mamani,N,77696514,contribuyente258@mail.com,Av. 6 de Agosto # 255,Activo
8853832LP,Sofia Quispe Perez,N,76971441,contribuyente259@mail.com,El Prado # 326,Activo
8640352LP,Lucia Vargas Fernandez,N,76219303,contribuyente260@mail.com,Plaza Principal # 350,Activo
2334794LP,Valeria Rojas Perez,N,77139085,contribuyente261@mail.com,Calle Potosí # 22,Activo
8506779LP,Luis Rojas Rojas,N,76625275,contribuyente262@mail.com,Calle Potosí # 139,Activo
6016887LP,Carlos Mamani Gomez,N,77893093,contribuyente263@mail.com,Av. 6 de Agosto # 38,Activo
5592833LP,Sofia Flores Gomez,N,76102344,contribuyente264@mail.com,Calle Potosí # 459,Activo
8253751LP,Carlos Quispe Perez,N,77681518,contribuyente265@mail.com,Calle Potosí # 428,Activo
4965958LP,Lucia Lopez Perez,N,77149528,contribuyente266@mail.com,Calle Potosí # 87,Activo
1718051LP,Maria Perez Mamani,N,76588128,contribuyente267@mail.com,Calle Sucre # 75,Activo
3987843LP,Luis Perez Vargas,N,76464304,contribuyente268@mail.com,Calle Potosí # 60,Activo
9970874LP,Miguel Quispe Gomez,N,76984828,contribuyente269@mail.com,Av. Arce # 187,Activo
4623991LP,Valeria Mamani Perez,N,76185458,contribuyente270@mail.com,Calle Sucre # 249,Activo
8484642LP,Maria Lopez Lopez,N,76527762,contribuyente271@mail.com,Av. Arce # 90,Activo
7614412LP,Ana Vargas Rojas,N,77375810,contribuyente272@mail.com,Calle Sucre # 124,Activo
6166988LP,Maria Vargas Mamani,N,76504230,contribuyente273@mail.com,Calle Potosí # 239,Activo
5594759LP,Jorge Fernandez Perez,N,76621058,contribuyente274@mail.com,El Prado # 299,Activo
2322083LP,Valeria Vargas Quispe,N,76991807,contribuyente275@mail.com,Calle Potosí # 436,Activo
6990118LP,Pedro Vargas Perez,N,76502910,contribuyente276@mail.com,Av. 6 de Agosto # 477,Activo
1957166LP,Ana Quispe Quispe,N,77142519,contribuyente277@mail.com,Av. 6 de Agosto # 326,Activo
6746536LP,Valeria Perez Perez,N,77434088,contribuyente278@mail.com,Av. 6 de Agosto # 460,Activo
8260026LP,Maria Lopez Mamani,N,77995678,contribuyente279@mail.com,Calle Sucre # 167,Activo
2394626LP,Maria Fernandez Condori,N,76194756,contribuyente280@mail.com,Calle Sucre # 78,Activo
7676201LP,Lucia Lopez Flores,N,77243736,contribuyente281@mail.com,Calle Potosí # 217,Inactivo
6858969LP,Maria Mamani Mamani,N,76328000,contribuyente282@mail.com,Calle Potosí # 230,Activo
7651466LP,Miguel Gomez Condori,N,77379522,contribuyente283@mail.com,Calle Sucre # 300,Activo
7101090LP,Pedro Condori Quispe,N,76647035,contribuyente284@mail.com,Calle Sucre # 273,Activo
3674366LP,Luis Flores Mamani,N,77734504,contribuyente285@mail.com,Calle Sucre # 304,Activo
4959534LP,Sofia Gomez Rojas,N,76013869,contribuyente286@mail.com,Av. Arce # 220,Inactivo
8887629LP,Pedro Mamani Fernandez,N,76848633,contribuyente287@mail.com,Plaza Principal # 121,Activo
8680017LP,Jorge Rojas Perez,N,76641947,contribuyente288@mail.com,Av. 6 de Agosto # 315,Activo
1922182LP,Jorge Flores Lopez,N,76341560,contribuyente289@mail.com,El Prado # 495,Activo
5810837LP,Pedro Mamani Mamani,N,76272099,contribuyente290@mail.com,Calle Potosí # 306,Inactivo
4317221LP,Ana Vargas Perez,N,76430360,contribuyente291@mail.com,Av. 6 de Agosto # 255,Observado
4921858LP,Miguel Condori Condori,N,77655854,contribuyente292@mail.com,Av. Arce # 491,Activo
2665732LP,Valeria Gomez Condori,N,77077419,contribuyente293@mail.com,Av. 6 de Agosto # 268,Activo
9180798LP,Pedro Perez Mamani,N,77363485,contribuyente294@mail.com,El Prado # 68,Activo
8775417LP,Valeria Fernandez Gomez,N,76936039,contribuyente295@mail.com,Calle Sucre # 354,Activo
3787244LP,Maria Gomez Vargas,N,76215157,contribuyente296@mail.com,Av. Arce # 354,Activo
9332079LP,Maria Vargas Lopez,N,77891959,contribuyente297@mail.com,Av. Arce # 210,Activo
2669972LP,Pedro Gomez Condori,N,77447030,contribuyente298@mail.com,El Prado # 290,Activo
5644702LP,Luis Gomez Fernandez,N,77440867,contribuyente299@mail.com,Calle Potosí # 79,Activo
5965573LP,Maria Rojas Fernandez,N,77540373,contribuyente300@mail.com,Av. 6 de Agosto # 76,Activo
3344456LP,Pedro Vargas Quispe,N,76509379,contribuyente301@mail.com,El Prado # 342,Observado
4812937LP,Maria Fernandez Condori,N,76226578,contribuyente302@mail.com,Av. 6 de Agosto # 66,Activo
5412134LP,Maria Mamani Mamani,N,77850013,contribuyente303@mail.com,Av. 6 de Agosto # 278,Activo
6574385LP,Maria Condori Mamani,N,76918575,contribuyente304@mail.com,Plaza Principal # 383,Activo
3219136LP,Sofia Flores Condori,N,76802635,contribuyente305@mail.com,Calle Sucre # 357,Activo
3202038LP,Luis Vargas Fernandez,N,76062260,contribuyente306@mail.com,Av. Arce # 212,Inactivo
9344140LP,Miguel Lopez Flores,N,77456201,contribuyente307@mail.com,Plaza Principal # 232,Inactivo
8356420LP,Lucia Perez Fernandez,N,76564377,contribuyente308@mail.com,Av. Arce # 314,Activo
9543000LP,Carlos Rojas Mamani,N,77527542,contribuyente309@mail.com,Calle Potosí # 119,Activo
5370720LP,Ana Flores Lopez,N,76007888,contribuyente310@mail.com,El Prado # 141,Activo
5579891LP,Miguel Perez Lopez,N,77337177,contribuyente311@mail.com,El Prado # 427,Inactivo
4162274LP,Sofia Vargas Condori,N,76893602,contribuyente312@mail.com,Av. 6 de Agosto # 414,Activo
6601022LP,Pedro Rojas Condori,N,77688495,contribuyente313@mail.com,Calle Sucre # 94,Activo
3952567LP,Pedro Quispe Fernandez,N,77306875,contribuyente314@mail.com,Av. Arce # 72,Activo
4241892LP,Miguel Quispe Flores,N,77363988,contribuyente315@mail.com,Av. 6 de Agosto # 309,Activo
7413808LP,Valeria Fernandez Flores,N,76049911,contribuyente316@mail.com,Calle Sucre # 214,Activo
1112382LP,Pedro Flores Vargas,N,77316433,contribuyente317@mail.com,Av. Arce # 282,Activo
8750056LP,Ana Condori Flores,N,77609066,contribuyente318@mail.com,Plaza Principal # 220,Activo
5624041LP,Miguel Vargas Fernandez,N,76328345,contribuyente319@mail.com,Av. 6 de Agosto # 415,Activo
7999016LP,Maria Condori Flores,N,77645053,contribuyente320@mail.com,Calle Sucre # 408,Activo
5065328LP,Luis Perez Fernandez,N,76076786,contribuyente321@mail.com,Calle Sucre # 109,Activo
7427613LP,Sofia Fernandez Flores,N,76331483,contribuyente322@mail.com,El Prado # 99,Activo
7233742LP,Pedro Vargas Perez,N,77200936,contribuyente323@mail.com,Calle Sucre # 163,Observado
9127863LP,Sofia Lopez Fernandez,N,76239581,contribuyente324@mail.com,El Prado # 288,Activo
7136254LP,Luis Rojas Fernandez,N,76332442,contribuyente325@mail.com,Calle Sucre # 442,Activo
9516091LP,Lucia Vargas Vargas,N,76991082,contribuyente326@mail.com,Plaza Principal # 237,Activo
4275576LP,Luis Lopez Condori,N,76809285,contribuyente327@mail.com,Calle Potosí # 212,Activo
6362372LP,Sofia Mamani Condori,N,76821770,contribuyente328@mail.com,Plaza Principal # 395,Activo
4056166LP,Carlos Gomez Mamani,N,77176726,contribuyente329@mail.com,Plaza Principal # 385,Activo
3195455LP,Ana Mamani Condori,N,76884257,contribuyente330@mail.com,El Prado # 61,Activo
9473822LP,Pedro Condori Lopez,N,76566546,contribuyente331@mail.com,Calle Potosí # 222,Activo
4232019LP,Miguel Gomez Fernandez,N,76284968,contribuyente332@mail.com,El Prado # 388,Activo
3312037LP,Maria Fernandez Mamani,N,77149126,contribuyente333@mail.com,Calle Sucre # 126,Activo
4883414LP,Jorge Quispe Quispe,N,77357911,contribuyente334@mail.com,Plaza Principal # 139,Activo
8311182LP,Valeria Gomez Vargas,N,76241883,contribuyente335@mail.com,Plaza Principal # 206,Activo
6812043LP,Miguel Mamani Condori,N,77873849,contribuyente336@mail.com,Av. Arce # 64,Activo
9554001LP,Luis Rojas Quispe,N,76697216,contribuyente337@mail.com,El Prado # 18,Activo
9873220LP,Jorge Quispe Vargas,N,76749195,contribuyente338@mail.com,El Prado # 313,Activo
5350929LP,Jorge Lopez Lopez,N,76227539,contribuyente339@mail.com,Calle Potosí # 422,Activo
8029141LP,Maria Mamani Perez,N,77942867,contribuyente340@mail.com,Av. 6 de Agosto # 160,Activo
6466214LP,Jorge Lopez Condori,N,76686112,contribuyente341@mail.com,Av. 6 de Agosto # 251,Activo
2591174LP,Ana Fernandez Fernandez,N,76726237,contribuyente342@mail.com,Calle Sucre # 395,Inactivo
3910188LP,Lucia Rojas Fernandez,N,77005833,contribuyente343@mail.com,El Prado # 404,Activo
2458485LP,Maria Gomez Gomez,N,77093465,contribuyente344@mail.com,Plaza Principal # 437,Activo
1764084LP,Ana Lopez Quispe,N,76950353,contribuyente345@mail.com,Plaza Principal # 482,Observado
6668973LP,Jorge Fernandez Lopez,N,77111883,contribuyente346@mail.com,Av. 6 de Agosto # 135,Activo
2639172LP,Jorge Gomez Rojas,N,77588030,contribuyente347@mail.com,Av. 6 de Agosto # 96,Activo
7676975LP,Carlos Gomez Quispe,N,76226010,contribuyente348@mail.com,Calle Sucre # 36,Activo
9592996LP,Pedro Perez Gomez,N,77706383,contribuyente349@mail.com,El Prado # 175,Activo
9640494LP,Ana Vargas Rojas,N,76150787,contribuyente350@mail.com,Calle Sucre # 200,Activo
2713896LP,Maria Lopez Gomez,N,76819174,contribuyente351@mail.com,El Prado # 120,Activo
5586796LP,Ana Mamani Fernandez,N,77657940,contribuyente352@mail.com,Calle Potosí # 492,Activo
8638837LP,Valeria Mamani Lopez,N,77410039,contribuyente353@mail.com,Calle Sucre # 154,Inactivo
9838427LP,Miguel Quispe Condori,N,76890531,contribuyente354@mail.com,Calle Potosí # 280,Activo
9191258LP,Ana Flores Condori,N,76432315,contribuyente355@mail.com,Av. Arce # 236,Activo
7648368LP,Lucia Perez Perez,N,77226597,contribuyente356@mail.com,Calle Sucre # 339,Activo
3761634LP,Miguel Gomez Vargas,N,77391853,contribuyente357@mail.com,Av. 6 de Agosto # 449,Activo
5778282LP,Valeria Gomez Mamani,N,77751235,contribuyente358@mail.com,Av. 6 de Agosto # 407,Activo
9020775LP,Pedro Gomez Vargas,N,76180262,contribuyente359@mail.com,Calle Potosí # 109,Activo
2604516LP,Sofia Flores Gomez,N,77859101,contribuyente360@mail.com,Av. Arce # 251,Activo
1567112LP,Carlos Mamani Gomez,N,76696849,contribuyente361@mail.com,Av. Arce # 442,Activo
8122139LP,Carlos Vargas Fernandez,N,76084180,contribuyente362@mail.com,Calle Sucre # 112,Activo
1127218LP,Pedro Fernandez Condori,N,76947044,contribuyente363@mail.com,Calle Potosí # 165,Activo
1057574LP,Lucia Vargas Mamani,N,77787011,contribuyente364@mail.com,Calle Potosí # 464,Activo
2282550LP,Valeria Fernandez Gomez,N,77455037,contribuyente365@mail.com,Av. Arce # 191,Activo
4979359LP,Maria Perez Gomez,N,76482038,contribuyente366@mail.com,Calle Potosí # 111,Activo
7660273LP,Pedro Fernandez Vargas,N,76473690,contribuyente367@mail.com,Calle Sucre # 43,Activo
3745371LP,Lucia Mamani Vargas,N,77305200,contribuyente368@mail.com,Av. Arce # 257,Activo
4764847LP,Ana Flores Fernandez,N,77079959,contribuyente369@mail.com,Plaza Principal # 417,Activo
6570151LP,Sofia Vargas Condori,N,76150951,contribuyente370@mail.com,Av. Arce # 289,Activo
6568981LP,Valeria Condori Condori,N,77442307,contribuyente371@mail.com,Calle Potosí # 211,Activo
8360622LP,Miguel Lopez Lopez,N,76383841,contribuyente372@mail.com,Av. Arce # 10,Activo
2156547LP,Lucia Gomez Gomez,N,77856597,contribuyente373@mail.com,Calle Potosí # 214,Activo
5339451LP,Carlos Flores Flores,N,76775337,contribuyente374@mail.com,Plaza Principal # 308,Activo
6596649LP,Carlos Lopez Rojas,N,76586654,contribuyente375@mail.com,Calle Potosí # 298,Activo
8432960LP,Valeria Flores Vargas,N,76030681,contribuyente376@mail.com,Calle Potosí # 426,Activo
2290355LP,Carlos Rojas Mamani,N,77726314,contribuyente377@mail.com,Plaza Principal # 426,Activo
3073663LP,Valeria Fernandez Fernandez,N,77448500,contribuyente378@mail.com,Av. Arce # 73,Activo
8964893LP,Jorge Mamani Condori,N,77735552,contribuyente379@mail.com,Calle Potosí # 70,Activo
6495227LP,Sofia Quispe Fernandez,N,77248007,contribuyente380@mail.com,Av. Arce # 414,Inactivo
2798412LP,Luis Fernandez Quispe,N,76922209,contribuyente381@mail.com,Av. Arce # 129,Activo
4943764LP,Pedro Quispe Mamani,N,76707748,contribuyente382@mail.com,El Prado # 139,Activo
3641890LP,Jorge Condori Gomez,N,76124703,contribuyente383@mail.com,Calle Potosí # 13,Activo
2536238LP,Lucia Mamani Gomez,N,77406557,contribuyente384@mail.com,El Prado # 249,Activo
2158985LP,Sofia Rojas Flores,N,77280923,contribuyente385@mail.com,Plaza Principal # 319,Activo
3728927LP,Lucia Rojas Vargas,N,77971313,contribuyente386@mail.com,Av. Arce # 110,Activo
8005568LP,Jorge Perez Quispe,N,77490417,contribuyente387@mail.com,Av. Arce # 441,Activo
4684098LP,Pedro Flores Fernandez,N,76201025,contribuyente388@mail.com,Calle Potosí # 185,Activo
3433480LP,Sofia Lopez Quispe,N,77848547,contribuyente389@mail.com,Av. Arce # 104,Activo
3310978LP,Pedro Condori Quispe,N,77293906,contribuyente390@mail.com,Av. Arce # 219,Activo
9864761LP,Pedro Lopez Perez,N,77623378,contribuyente391@mail.com,Calle Potosí # 160,Activo
8934765LP,Miguel Gomez Fernandez,N,77599685,contribuyente392@mail.com,Calle Sucre # 370,Inactivo
6313315LP,Maria Flores Mamani,N,77355794,contribuyente393@mail.com,Plaza Principal # 480,Activo
7501598LP,Carlos Rojas Quispe,N,77694942,contribuyente394@mail.com,El Prado # 401,Activo
1419700LP,Miguel Gomez Perez,N,77515429,contribuyente395@mail.com,Av. 6 de Agosto # 218,Activo
5453152LP,Valeria Lopez Perez,N,77297727,contribuyente396@mail.com,Av. Arce # 297,Inactivo
6617827LP,Ana Lopez Gomez,N,77052216,contribuyente397@mail.com,Calle Sucre # 342,Activo
7737443LP,Miguel Condori Rojas,N,76526505,contribuyente398@mail.com,Av. 6 de Agosto # 365,Activo
9411790LP,Jorge Condori Gomez,N,77945294,contribuyente399@mail.com,Av. Arce # 417,Activo
3171609LP,Ana Perez Flores,N,76593326,contribuyente400@mail.com,Calle Potosí # 78,Inactivo
4396426LP,Jorge Quispe Lopez,N,77184338,contribuyente401@mail.com,El Prado # 132,Activo
8280460LP,Valeria Condori Vargas,N,77146650,contribuyente402@mail.com,El Prado # 232,Activo
7312224LP,Pedro Quispe Quispe,N,77202097,contribuyente403@mail.com,Av. 6 de Agosto # 205,Activo
6587548LP,Maria Flores Mamani,N,77616226,contribuyente404@mail.com,Av. Arce # 110,Activo
9343225LP,Sofia Flores Quispe,N,77027122,contribuyente405@mail.com,Plaza Principal # 65,Activo
1771126LP,Ana Gomez Lopez,N,76606024,contribuyente406@mail.com,Calle Sucre # 115,Activo
7621964LP,Miguel Vargas Flores,N,77239742,contribuyente407@mail.com,Calle Potosí # 212,Activo
9091807LP,Sofia Flores Vargas,N,77674665,contribuyente408@mail.com,Calle Sucre # 489,Activo
3998393LP,Luis Mamani Flores,N,76461353,contribuyente409@mail.com,Plaza Principal # 461,Activo
2597299LP,Ana Condori Rojas,N,76177057,contribuyente410@mail.com,Plaza Principal # 108,Activo
7565707LP,Ana Quispe Gomez,N,76979000,contribuyente411@mail.com,El Prado # 81,Observado
9545093LP,Miguel Perez Lopez,N,77171822,contribuyente412@mail.com,Plaza Principal # 183,Activo
5341727LP,Valeria Quispe Perez,N,76180486,contribuyente413@mail.com,El Prado # 179,Activo
8331416LP,Luis Flores Perez,N,76638373,contribuyente414@mail.com,Calle Potosí # 199,Activo
3187889LP,Luis Gomez Fernandez,N,77517531,contribuyente415@mail.com,Av. 6 de Agosto # 398,Activo
6982715LP,Sofia Vargas Quispe,N,76972556,contribuyente416@mail.com,Av. 6 de Agosto # 327,Activo
5943434LP,Pedro Mamani Lopez,N,77327915,contribuyente417@mail.com,Av. 6 de Agosto # 138,Inactivo
6912770LP,Lucia Quispe Flores,N,77349827,contribuyente418@mail.com,Plaza Principal # 151,Activo
1114859LP,Valeria Flores Rojas,N,76822516,contribuyente419@mail.com,Calle Potosí # 220,Inactivo
1932416LP,Pedro Rojas Lopez,N,76238131,contribuyente420@mail.com,Plaza Principal # 267,Inactivo
9661220LP,Miguel Fernandez Quispe,N,76096771,contribuyente421@mail.com,Calle Sucre # 358,Activo
9685545LP,Carlos Perez Flores,N,77596617,contribuyente422@mail.com,Plaza Principal # 71,Activo
4708661LP,Pedro Lopez Flores,N,76509040,contribuyente423@mail.com,Calle Sucre # 189,Activo
3255882LP,Sofia Gomez Gomez,N,77606286,contribuyente424@mail.com,Av. Arce # 318,Activo
4687284LP,Valeria Perez Flores,N,77537174,contribuyente425@mail.com,El Prado # 152,Activo
9720386LP,Valeria Fernandez Rojas,N,77550636,contribuyente426@mail.com,Av. 6 de Agosto # 487,Activo
2970457LP,Sofia Fernandez Gomez,N,76756491,contribuyente427@mail.com,Plaza Principal # 29,Activo
3533839LP,Pedro Rojas Flores,N,76582570,contribuyente428@mail.com,Calle Potosí # 59,Observado
1732426LP,Maria Rojas Perez,N,77371651,contribuyente429@mail.com,El Prado # 74,Activo
7565571LP,Carlos Quispe Fernandez,N,76864573,contribuyente430@mail.com,Calle Potosí # 461,Activo
1058735LP,Ana Vargas Condori,N,76855092,contribuyente431@mail.com,Av. Arce # 428,Activo
7750711LP,Pedro Fernandez Lopez,N,77691418,contribuyente432@mail.com,Plaza Principal # 389,Activo
6256776LP,Maria Condori Vargas,N,76177320,contribuyente433@mail.com,Av. Arce # 183,Activo
6098379LP,Miguel Condori Gomez,N,77769094,contribuyente434@mail.com,Plaza Principal # 410,Activo
5146261LP,Miguel Flores Mamani,N,76675417,contribuyente435@mail.com,Plaza Principal # 452,Activo
5746719LP,Sofia Vargas Rojas,N,76443896,contribuyente436@mail.com,Calle Sucre # 302,Activo
7209984LP,Miguel Condori Gomez,N,76980596,contribuyente437@mail.com,Av. 6 de Agosto # 454,Activo
4469826LP,Maria Condori Perez,N,76024720,contribuyente438@mail.com,Calle Potosí # 436,Activo
7556642LP,Carlos Rojas Fernandez,N,77104722,contribuyente439@mail.com,Plaza Principal # 396,Observado
2534871LP,Pedro Rojas Flores,N,76420470,contribuyente440@mail.com,El Prado # 38,Activo
1601691LP,Jorge Perez Vargas,N,77523899,contribuyente441@mail.com,Calle Potosí # 274,Activo
8698277LP,Valeria Fernandez Perez,N,76183651,contribuyente442@mail.com,Av. 6 de Agosto # 196,Inactivo
9796944LP,Ana Lopez Flores,N,77288983,contribuyente443@mail.com,El Prado # 364,Activo
2060304LP,Ana Fernandez Condori,N,76367095,contribuyente444@mail.com,Calle Potosí # 228,Activo
6002741LP,Maria Mamani Flores,N,76381960,contribuyente445@mail.com,Calle Potosí # 467,Activo
3343513LP,Ana Mamani Condori,N,77002149,contribuyente446@mail.com,Calle Sucre # 446,Activo
3252328LP,Sofia Gomez Condori,N,77979624,contribuyente447@mail.com,Av. Arce # 292,Activo
3629741LP,Maria Gomez Flores,N,77705556,contribuyente448@mail.com,Av. 6 de Agosto # 35,Inactivo
2905329LP,Maria Quispe Lopez,N,76537099,contribuyente449@mail.com,Calle Potosí # 305,Activo
3670566LP,Carlos Lopez Lopez,N,76618602,contribuyente450@mail.com,Calle Sucre # 211,Activo
2736905LP,Pedro Rojas Mamani,N,77029819,contribuyente451@mail.com,Calle Potosí # 231,Activo
2356240LP,Pedro Quispe Mamani,N,76668942,contribuyente452@mail.com,Plaza Principal # 45,Activo
2309087LP,Miguel Mamani Flores,N,77585665,contribuyente453@mail.com,Av. Arce # 103,Activo
4520839LP,Ana Gomez Flores,N,77156020,contribuyente454@mail.com,Calle Potosí # 90,Inactivo
3991951LP,Lucia Rojas Gomez,N,77047475,contribuyente455@mail.com,Plaza Principal # 163,Activo
8135134LP,Jorge Lopez Perez,N,76953335,contribuyente456@mail.com,Plaza Principal # 337,Activo
1783438LP,Maria Fernandez Rojas,N,76723675,contribuyente457@mail.com,El Prado # 63,Activo
1991981LP,Ana Flores Gomez,N,76614331,contribuyente458@mail.com,Av. Arce # 83,Activo
8618154LP,Carlos Condori Condori,N,77695703,contribuyente459@mail.com,El Prado # 425,Activo
6204070LP,Ana Lopez Rojas,N,76457722,contribuyente460@mail.com,Calle Potosí # 45,Activo
3471952LP,Luis Condori Fernandez,N,77417755,contribuyente461@mail.com,Calle Sucre # 412,Activo
4586845LP,Lucia Rojas Flores,N,76944655,contribuyente462@mail.com,Plaza Principal # 265,Activo
9521414LP,Ana Vargas Perez,N,77437636,contribuyente463@mail.com,Calle Potosí # 180,Activo
8059472LP,Miguel Mamani Gomez,N,77584088,contribuyente464@mail.com,Plaza Principal # 390,Activo
2590261LP,Luis Condori Lopez,N,77303318,contribuyente465@mail.com,Calle Sucre # 208,Activo
8475232LP,Sofia Quispe Mamani,N,76197156,contribuyente466@mail.com,Av. 6 de Agosto # 379,Inactivo
8792884LP,Luis Lopez Lopez,N,77871286,contribuyente467@mail.com,El Prado # 311,Activo
5933544LP,Ana Gomez Gomez,N,77199349,contribuyente468@mail.com,Calle Sucre # 266,Activo
5189411LP,Luis Flores Condori,N,77541006,contribuyente469@mail.com,Av. Arce # 408,Inactivo
4954115LP,Miguel Rojas Perez,N,77838363,contribuyente470@mail.com,El Prado # 194,Activo
7603159LP,Pedro Flores Condori,N,77032225,contribuyente471@mail.com,Av. Arce # 245,Activo
5083250LP,Pedro Perez Lopez,N,77270994,contribuyente472@mail.com,Av. 6 de Agosto # 207,Activo
7692421LP,Miguel Gomez Fernandez,N,77633150,contribuyente473@mail.com,Av. 6 de Agosto # 339,Activo
5180544LP,Sofia Quispe Perez,N,76899943,contribuyente474@mail.com,Calle Potosí # 329,Observado
6130762LP,Pedro Mamani Fernandez,N,76521259,contribuyente475@mail.com,Av. Arce # 301,Inactivo
9887561LP,Miguel Lopez Gomez,N,77294884,contribuyente476@mail.com,Calle Sucre # 89,Activo
5585265LP,Sofia Perez Quispe,N,77506992,contribuyente477@mail.com,Av. 6 de Agosto # 114,Inactivo
2525928LP,Ana Quispe Perez,N,76451899,contribuyente478@mail.com,Plaza Principal # 259,Activo
9421990LP,Jorge Rojas Vargas,N,76412919,contribuyente479@mail.com,Calle Sucre # 302,Activo
7345480LP,Jorge Mamani Flores,N,76184445,contribuyente480@mail.com,Calle Sucre # 324,Activo
8598400LP,Sofia Quispe Vargas,N,77954126,contribuyente481@mail.com,Calle Sucre # 45,Observado
3363344LP,Maria Quispe Rojas,N,76240775,contribuyente482@mail.com,Calle Sucre # 481,Observado
2411672LP,Carlos Vargas Condori,N,77367136,contribuyente483@mail.com,Av. Arce # 179,Inactivo
3828027LP,Miguel Fernandez Condori,N,77151063,contribuyente484@mail.com,Calle Sucre # 368,Activo
7363660LP,Sofia Condori Quispe,N,76380240,contribuyente485@mail.com,Calle Sucre # 161,Activo
6371159LP,Sofia Mamani Fernandez,N,76345957,contribuyente486@mail.com,Av. 6 de Agosto # 327,Inactivo
8357260LP,Ana Vargas Perez,N,76546448,contribuyente487@mail.com,Calle Potosí # 456,Inactivo
8644240LP,Carlos Rojas Lopez,N,76278556,contribuyente488@mail.com,Plaza Principal # 50,Activo
5377884LP,Jorge Mamani Vargas,N,77053044,contribuyente489@mail.com,Plaza Principal # 428,Activo
5315215LP,Miguel Vargas Gomez,N,76602187,contribuyente490@mail.com,Av. 6 de Agosto # 156,Inactivo
2328874LP,Sofia Perez Lopez,N,76513301,contribuyente491@mail.com,Plaza Principal # 366,Activo
8791631LP,Jorge Condori Fernandez,N,76857018,contribuyente492@mail.com,Calle Potosí # 253,Activo
8832882LP,Ana Gomez Perez,N,77977881,contribuyente493@mail.com,El Prado # 73,Activo
7972739LP,Sofia Lopez Mamani,N,77885649,contribuyente494@mail.com,Calle Sucre # 10,Inactivo
1515077LP,Jorge Condori Condori,N,77344673,contribuyente495@mail.com,El Prado # 486,Activo
2263582LP,Lucia Condori Rojas,N,76410383,contribuyente496@mail.com,Calle Sucre # 303,Inactivo
6604354LP,Pedro Vargas Perez,N,76920104,contribuyente497@mail.com,Calle Sucre # 91,Activo
9410631LP,Sofia Rojas Perez,N,77006992,contribuyente498@mail.com,Plaza Principal # 276,Activo
6145886LP,Jorge Lopez Perez,N,77651641,contribuyente499@mail.com,Calle Potosí # 271,Activo
7938704LP,Valeria Lopez Fernandez,N,77631514,contribuyente500@mail.com,Calle Potosí # 494,Inactivo
6834623LP,Sofia Gomez Perez,N,77437265,contribuyente501@mail.com,Av. 6 de Agosto # 164,Activo
9522433LP,Jorge Fernandez Gomez,N,76062863,contribuyente502@mail.com,Calle Sucre # 369,Observado
7780642LP,Ana Perez Condori,N,77457108,contribuyente503@mail.com,Plaza Principal # 280,Activo
7618386LP,Carlos Fernandez Fernandez,N,76060462,contribuyente504@mail.com,Av. Arce # 274,Observado
8260999LP,Luis Mamani Perez,N,77914311,contribuyente505@mail.com,Av. 6 de Agosto # 349,Activo
7859517LP,Sofia Quispe Condori,N,76336111,contribuyente506@mail.com,Av. Arce # 209,Inactivo
7499371LP,Valeria Condori Mamani,N,77529566,contribuyente507@mail.com,Plaza Principal # 102,Activo
7153258LP,Luis Quispe Fernandez,N,76026223,contribuyente508@mail.com,Plaza Principal # 415,Activo
6995953LP,Maria Flores Quispe,N,77449942,contribuyente509@mail.com,Av. Arce # 31,Observado
4242575LP,Lucia Flores Rojas,N,77907961,contribuyente510@mail.com,Av. Arce # 388,Activo
8585920LP,Sofia Quispe Lopez,N,76407537,contribuyente511@mail.com,Plaza Principal # 26,Activo
2436117LP,Miguel Vargas Flores,N,77863354,contribuyente512@mail.com,Av. 6 de Agosto # 301,Inactivo
4719722LP,Ana Fernandez Condori,N,76001081,contribuyente513@mail.com,Plaza Principal # 354,Activo
5918854LP,Jorge Mamani Fernandez,N,76301261,contribuyente514@mail.com,Av. Arce # 438,Activo
8132756LP,Valeria Condori Fernandez,N,76098901,contribuyente515@mail.com,Av. Arce # 483,Activo
1412031LP,Jorge Condori Fernandez,N,76181573,contribuyente516@mail.com,Calle Sucre # 451,Activo
3297223LP,Sofia Fernandez Gomez,N,77613694,contribuyente517@mail.com,Av. 6 de Agosto # 294,Activo
4197913LP,Miguel Condori Mamani,N,76699161,contribuyente518@mail.com,Av. 6 de Agosto # 433,Activo
8333637LP,Maria Mamani Rojas,N,77500184,contribuyente519@mail.com,Calle Sucre # 116,Activo
5129747LP,Valeria Condori Fernandez,N,76335349,contribuyente520@mail.com,Calle Sucre # 11,Activo
9735637LP,Pedro Lopez Vargas,N,77290747,contribuyente521@mail.com,Av. Arce # 412,Activo
3616928LP,Miguel Lopez Mamani,N,76159338,contribuyente522@mail.com,Av. Arce # 243,Inactivo
3583029LP,Maria Perez Flores,N,76371658,contribuyente523@mail.com,Av. 6 de Agosto # 96,Activo
7937639LP,Valeria Perez Lopez,N,76329593,contribuyente524@mail.com,Av. Arce # 70,Activo
8145559LP,Carlos Fernandez Rojas,N,77736279,contribuyente525@mail.com,Plaza Principal # 297,Activo
8281128LP,Miguel Flores Perez,N,76243473,contribuyente526@mail.com,Calle Potosí # 52,Activo
1878281LP,Luis Mamani Condori,N,77019216,contribuyente527@mail.com,Plaza Principal # 415,Inactivo
7749855LP,Luis Flores Condori,N,76772461,contribuyente528@mail.com,Plaza Principal # 298,Activo
2639299LP,Ana Condori Gomez,N,77656604,contribuyente529@mail.com,El Prado # 89,Activo
1867927LP,Lucia Vargas Gomez,N,76836248,contribuyente530@mail.com,Av. Arce # 135,Activo
2149468LP,Ana Vargas Rojas,N,76349422,contribuyente531@mail.com,El Prado # 262,Activo
6756192LP,Ana Lopez Flores,N,76821224,contribuyente532@mail.com,El Prado # 430,Activo
8641583LP,Maria Fernandez Quispe,N,77350501,contribuyente533@mail.com,Calle Potosí # 192,Activo
8403899LP,Jorge Lopez Condori,N,76028903,contribuyente534@mail.com,Calle Sucre # 159,Activo
9317568LP,Lucia Fernandez Perez,N,77983366,contribuyente535@mail.com,Av. 6 de Agosto # 88,Activo
4928092LP,Pedro Mamani Mamani,N,76712155,contribuyente536@mail.com,Plaza Principal # 432,Activo
4529478LP,Maria Perez Flores,N,76530420,contribuyente537@mail.com,Av. Arce # 28,Activo
1190909LP,Lucia Vargas Vargas,N,77850678,contribuyente538@mail.com,Av. 6 de Agosto # 366,Activo
9179219LP,Lucia Quispe Quispe,N,77525988,contribuyente539@mail.com,Calle Potosí # 176,Activo
3284737LP,Sofia Vargas Mamani,N,76252456,contribuyente540@mail.com,Plaza Principal # 335,Activo
8451203LP,Jorge Mamani Vargas,N,77103325,contribuyente541@mail.com,Plaza Principal # 102,Activo
7189787LP,Valeria Fernandez Rojas,N,76276136,contribuyente542@mail.com,Plaza Principal # 177,Activo
8124079LP,Carlos Rojas Lopez,N,76251117,contribuyente543@mail.com,Plaza Principal # 52,Inactivo
5259000LP,Pedro Mamani Rojas,N,76665319,contribuyente544@mail.com,Av. 6 de Agosto # 240,Activo
5287744LP,Pedro Rojas Lopez,N,76646534,contribuyente545@mail.com,Calle Potosí # 416,Inactivo
6115771LP,Luis Rojas Quispe,N,76527402,contribuyente546@mail.com,Av. 6 de Agosto # 373,Activo
3974966LP,Jorge Perez Perez,N,77980176,contribuyente547@mail.com,Av. Arce # 335,Activo
3689678LP,Carlos Vargas Quispe,N,76750526,contribuyente548@mail.com,Av. 6 de Agosto # 337,Activo
3089835LP,Valeria Flores Flores,N,77368366,contribuyente549@mail.com,Calle Potosí # 201,Activo
9177771LP,Pedro Quispe Lopez,N,76537059,contribuyente550@mail.com,Av. 6 de Agosto # 438,Activo
4272851LP,Carlos Flores Flores,N,76472667,contribuyente551@mail.com,El Prado # 235,Activo
9016092LP,Miguel Flores Lopez,N,76989661,contribuyente552@mail.com,Calle Sucre # 443,Activo
2413599LP,Luis Condori Condori,N,76988304,contribuyente553@mail.com,Av. 6 de Agosto # 386,Activo
5588594LP,Lucia Lopez Vargas,N,77938206,contribuyente554@mail.com,Calle Sucre # 320,Activo
6569954LP,Ana Vargas Mamani,N,76349153,contribuyente555@mail.com,Plaza Principal # 188,Activo
1848464LP,Jorge Vargas Gomez,N,76408397,contribuyente556@mail.com,Calle Sucre # 404,Activo
2349413LP,Luis Rojas Fernandez,N,77126181,contribuyente557@mail.com,Calle Sucre # 248,Activo
5966951LP,Lucia Mamani Perez,N,76221847,contribuyente558@mail.com,Calle Potosí # 441,Observado
3431957LP,Luis Gomez Vargas,N,77548705,contribuyente559@mail.com,El Prado # 240,Activo
8296798LP,Pedro Lopez Condori,N,76352408,contribuyente560@mail.com,Calle Potosí # 129,Activo
3862449LP,Sofia Mamani Gomez,N,76562874,contribuyente561@mail.com,Av. Arce # 44,Activo
9050937LP,Carlos Lopez Flores,N,76003524,contribuyente562@mail.com,Calle Sucre # 209,Activo
7084528LP,Ana Rojas Flores,N,77977669,contribuyente563@mail.com,El Prado # 282,Inactivo
2841624LP,Luis Condori Condori,N,77278692,contribuyente564@mail.com,Plaza Principal # 58,Activo
7133728LP,Ana Flores Lopez,N,77151193,contribuyente565@mail.com,Av. Arce # 121,Activo
3839029LP,Maria Fernandez Flores,N,77167982,contribuyente566@mail.com,Av. 6 de Agosto # 374,Inactivo
9473940LP,Jorge Vargas Mamani,N,76192687,contribuyente567@mail.com,Calle Sucre # 198,Observado
6772876LP,Miguel Gomez Lopez,N,77473400,contribuyente568@mail.com,Calle Sucre # 109,Activo
7076025LP,Miguel Gomez Condori,N,76068008,contribuyente569@mail.com,Calle Sucre # 352,Activo
9219853LP,Sofia Condori Mamani,N,76822814,contribuyente570@mail.com,Calle Sucre # 27,Activo
2611728LP,Carlos Gomez Lopez,N,76788149,contribuyente571@mail.com,Plaza Principal # 464,Inactivo
9193939LP,Maria Quispe Gomez,N,77705015,contribuyente572@mail.com,El Prado # 484,Activo
9026879LP,Maria Lopez Gomez,N,76765553,contribuyente573@mail.com,El Prado # 399,Activo
6079055LP,Jorge Gomez Perez,N,76725102,contribuyente574@mail.com,Av. 6 de Agosto # 364,Activo
5556660LP,Miguel Flores Fernandez,N,77250114,contribuyente575@mail.com,El Prado # 482,Activo
8405396LP,Carlos Condori Vargas,N,76506666,contribuyente576@mail.com,El Prado # 482,Inactivo
5987175LP,Pedro Vargas Gomez,N,76009868,contribuyente577@mail.com,Calle Potosí # 69,Activo
8162308LP,Valeria Mamani Rojas,N,76533296,contribuyente578@mail.com,Calle Potosí # 194,Activo
7529869LP,Miguel Lopez Quispe,N,76033967,contribuyente579@mail.com,Av. Arce # 460,Inactivo
5771432LP,Sofia Condori Perez,N,77626925,contribuyente580@mail.com,El Prado # 244,Activo
3550161LP,Luis Condori Condori,N,76253141,contribuyente581@mail.com,Av. Arce # 275,Activo
3295880LP,Miguel Rojas Flores,N,76302042,contribuyente582@mail.com,Av. 6 de Agosto # 302,Activo
8146145LP,Carlos Rojas Quispe,N,77923664,contribuyente583@mail.com,Av. 6 de Agosto # 23,Activo
1312219LP,Luis Perez Vargas,N,76955954,contribuyente584@mail.com,El Prado # 213,Observado
6447945LP,Jorge Fernandez Fernandez,N,77547596,contribuyente585@mail.com,Av. Arce # 422,Activo
8975495LP,Valeria Lopez Vargas,N,76498204,contribuyente586@mail.com,Plaza Principal # 165,Activo
7664473LP,Miguel Condori Lopez,N,77681555,contribuyente587@mail.com,Plaza Principal # 257,Activo
3779087LP,Pedro Rojas Quispe,N,77491923,contribuyente588@mail.com,Av. Arce # 200,Inactivo
1739928LP,Pedro Vargas Gomez,N,76314747,contribuyente589@mail.com,Plaza Principal # 173,Activo
4560492LP,Sofia Rojas Condori,N,76165568,contribuyente590@mail.com,Calle Sucre # 219,Activo
5376439LP,Ana Quispe Fernandez,N,77597836,contribuyente591@mail.com,Av. 6 de Agosto # 23,Observado
2672891LP,Pedro Quispe Flores,N,77330154,contribuyente592@mail.com,Calle Potosí # 208,Activo
8728240LP,Luis Perez Mamani,N,76663093,contribuyente593@mail.com,El Prado # 418,Activo
3233784LP,Pedro Condori Quispe,N,76577404,contribuyente594@mail.com,El Prado # 67,Observado
4968333LP,Ana Quispe Rojas,N,76116384,contribuyente595@mail.com,Calle Potosí # 203,Activo
4005548LP,Miguel Vargas Gomez,N,77455132,contribuyente596@mail.com,Av. 6 de Agosto # 302,Activo
2885347LP,Luis Lopez Rojas,N,76583831,contribuyente597@mail.com,Calle Potosí # 490,Activo
4727533LP,Lucia Vargas Condori,N,77010964,contribuyente598@mail.com,Plaza Principal # 263,Inactivo
4915617LP,Pedro Gomez Perez,N,77532159,contribuyente599@mail.com,Calle Potosí # 183,Activo
3037179LP,Sofia Mamani Lopez,N,76358180,contribuyente600@mail.com,Calle Potosí # 150,Inactivo
7423775LP,Lucia Rojas Vargas,N,76720684,contribuyente601@mail.com,El Prado # 135,Activo
8231279LP,Luis Flores Flores,N,76334557,contribuyente602@mail.com,Calle Sucre # 48,Activo
8844460LP,Pedro Quispe Mamani,N,77035199,contribuyente603@mail.com,Calle Potosí # 269,Activo
2938972LP,Ana Rojas Lopez,N,76831355,contribuyente604@mail.com,Plaza Principal # 361,Activo
8667452LP,Ana Gomez Flores,N,76196317,contribuyente605@mail.com,Plaza Principal # 127,Activo
5666346LP,Sofia Vargas Gomez,N,77674468,contribuyente606@mail.com,Av. Arce # 491,Inactivo
2861835LP,Ana Vargas Condori,N,77104683,contribuyente607@mail.com,Av. Arce # 33,Inactivo
9825265LP,Valeria Mamani Lopez,N,77318113,contribuyente608@mail.com,Av. Arce # 32,Activo
8889492LP,Sofia Quispe Perez,N,77471090,contribuyente609@mail.com,Av. 6 de Agosto # 420,Activo
9474767LP,Luis Mamani Rojas,N,77062260,contribuyente610@mail.com,Calle Potosí # 49,Activo
8911964LP,Jorge Fernandez Fernandez,N,76145666,contribuyente611@mail.com,Calle Potosí # 69,Activo
2434025LP,Maria Vargas Rojas,N,76771020,contribuyente612@mail.com,Plaza Principal # 422,Activo
1061067LP,Valeria Condori Gomez,N,76657488,contribuyente613@mail.com,Calle Potosí # 116,Activo
3584984LP,Miguel Rojas Gomez,N,76796779,contribuyente614@mail.com,Av. 6 de Agosto # 79,Activo
1186710LP,Sofia Gomez Perez,N,76116557,contribuyente615@mail.com,El Prado # 126,Activo
8531956LP,Jorge Mamani Rojas,N,76967759,contribuyente616@mail.com,El Prado # 281,Activo
2794556LP,Carlos Rojas Lopez,N,77485210,contribuyente617@mail.com,Plaza Principal # 66,Activo
6878875LP,Carlos Rojas Flores,N,76481791,contribuyente618@mail.com,Calle Potosí # 308,Activo
7446709LP,Luis Gomez Rojas,N,76252973,contribuyente619@mail.com,El Prado # 61,Activo
6132158LP,Jorge Vargas Mamani,N,77454024,contribuyente620@mail.com,Calle Sucre # 114,Activo
4259980LP,Ana Flores Gomez,N,76298013,contribuyente621@mail.com,Plaza Principal # 292,Activo
9213289LP,Miguel Fernandez Lopez,N,77205789,contribuyente622@mail.com,El Prado # 79,Activo
2967138LP,Luis Perez Vargas,N,77229675,contribuyente623@mail.com,El Prado # 265,Activo
5635564LP,Jorge Quispe Condori,N,77131667,contribuyente624@mail.com,Calle Sucre # 242,Activo
2300907LP,Pedro Fernandez Perez,N,77540164,contribuyente625@mail.com,Calle Potosí # 298,Activo
9423562LP,Lucia Lopez Gomez,N,76574737,contribuyente626@mail.com,Calle Sucre # 484,Activo
3596625LP,Jorge Gomez Fernandez,N,77170387,contribuyente627@mail.com,Calle Sucre # 105,Activo
9039851LP,Lucia Gomez Rojas,N,77728865,contribuyente628@mail.com,Av. Arce # 133,Inactivo
9263377LP,Miguel Vargas Rojas,N,76093246,contribuyente629@mail.com,Calle Potosí # 61,Activo
9844328LP,Pedro Flores Quispe,N,76315167,contribuyente630@mail.com,Plaza Principal # 227,Activo
7134619LP,Maria Vargas Flores,N,76017825,contribuyente631@mail.com,Calle Sucre # 490,Activo
4320781LP,Valeria Rojas Quispe,N,77319155,contribuyente632@mail.com,Calle Potosí # 308,Inactivo
1684314LP,Miguel Gomez Lopez,N,77619099,contribuyente633@mail.com,Av. 6 de Agosto # 81,Activo
4235177LP,Maria Rojas Gomez,N,77699394,contribuyente634@mail.com,El Prado # 460,Activo
5978268LP,Luis Perez Gomez,N,77587279,contribuyente635@mail.com,Av. 6 de Agosto # 22,Activo
4272939LP,Jorge Gomez Perez,N,76861562,contribuyente636@mail.com,Av. Arce # 453,Observado
7496838LP,Lucia Flores Condori,N,76400720,contribuyente637@mail.com,Calle Sucre # 282,Activo
5156770LP,Jorge Rojas Perez,N,76131909,contribuyente638@mail.com,Calle Sucre # 278,Activo
5104061LP,Lucia Flores Quispe,N,76924114,contribuyente639@mail.com,Calle Potosí # 118,Activo
7511317LP,Carlos Gomez Vargas,N,76252099,contribuyente640@mail.com,Av. Arce # 30,Activo
1962041LP,Sofia Vargas Rojas,N,77607151,contribuyente641@mail.com,Av. Arce # 152,Activo
4133918LP,Pedro Gomez Lopez,N,77164353,contribuyente642@mail.com,Av. Arce # 141,Activo
9886186LP,Carlos Flores Perez,N,77362938,contribuyente643@mail.com,Calle Potosí # 190,Activo
1577221LP,Pedro Vargas Mamani,N,77827552,contribuyente644@mail.com,Av. Arce # 371,Activo
8808043LP,Ana Flores Rojas,N,76328037,contribuyente645@mail.com,Av. 6 de Agosto # 474,Activo
5866121LP,Pedro Rojas Vargas,N,77192390,contribuyente646@mail.com,Plaza Principal # 72,Activo
5477121LP,Jorge Perez Mamani,N,77007201,contribuyente647@mail.com,Calle Potosí # 315,Activo
5898155LP,Jorge Perez Lopez,N,77474296,contribuyente648@mail.com,Plaza Principal # 483,Activo
8863923LP,Pedro Mamani Fernandez,N,77440074,contribuyente649@mail.com,Calle Sucre # 146,Inactivo
2610584LP,Carlos Vargas Fernandez,N,77728208,contribuyente650@mail.com,Av. 6 de Agosto # 455,Activo
7077970LP,Lucia Mamani Flores,N,76965865,contribuyente651@mail.com,El Prado # 248,Activo
8481755LP,Maria Gomez Quispe,N,76242558,contribuyente652@mail.com,Av. Arce # 360,Inactivo
6927356LP,Miguel Vargas Vargas,N,77666376,contribuyente653@mail.com,Av. 6 de Agosto # 457,Activo
4065750LP,Luis Gomez Lopez,N,76106280,contribuyente654@mail.com,Calle Sucre # 487,Activo
2879026LP,Miguel Fernandez Rojas,N,76549953,contribuyente655@mail.com,Av. 6 de Agosto # 488,Activo
7274763LP,Ana Perez Quispe,N,77142536,contribuyente656@mail.com,Av. 6 de Agosto # 54,Activo
3511163LP,Luis Quispe Perez,N,77864580,contribuyente657@mail.com,Plaza Principal # 476,Activo
2302551LP,Miguel Perez Quispe,N,77307978,contribuyente658@mail.com,Calle Sucre # 344,Activo
1432423LP,Ana Mamani Fernandez,N,77734327,contribuyente659@mail.com,Av. Arce # 424,Inactivo
8929755LP,Maria Vargas Vargas,N,77058224,contribuyente660@mail.com,Av. 6 de Agosto # 14,Activo
4819162LP,Sofia Vargas Vargas,N,77798573,contribuyente661@mail.com,Calle Potosí # 343,Inactivo
7939874LP,Miguel Lopez Lopez,N,77407376,contribuyente662@mail.com,Plaza Principal # 365,Activo
4541236LP,Lucia Fernandez Lopez,N,77995304,contribuyente663@mail.com,Plaza Principal # 444,Inactivo
5772057LP,Pedro Flores Perez,N,77923541,contribuyente664@mail.com,Av. 6 de Agosto # 74,Activo
9860686LP,Lucia Rojas Rojas,N,77186326,contribuyente665@mail.com,Calle Sucre # 208,Activo
7264473LP,Luis Gomez Perez,N,77121460,contribuyente666@mail.com,Calle Sucre # 351,Activo
3074405LP,Sofia Perez Condori,N,76929923,contribuyente667@mail.com,Av. Arce # 94,Activo
4578918LP,Ana Lopez Mamani,N,77086212,contribuyente668@mail.com,El Prado # 473,Activo
5779796LP,Luis Perez Gomez,N,77497462,contribuyente669@mail.com,Plaza Principal # 427,Activo
9807896LP,Jorge Gomez Fernandez,N,77374537,contribuyente670@mail.com,El Prado # 183,Activo
7672983LP,Pedro Rojas Lopez,N,77260379,contribuyente671@mail.com,El Prado # 98,Inactivo
2908462LP,Jorge Perez Perez,N,77039340,contribuyente672@mail.com,Av. 6 de Agosto # 222,Activo
2591707LP,Pedro Fernandez Condori,N,76642207,contribuyente673@mail.com,Plaza Principal # 412,Activo
7951246LP,Miguel Condori Condori,N,77207688,contribuyente674@mail.com,Plaza Principal # 252,Activo
4339397LP,Luis Vargas Rojas,N,76479037,contribuyente675@mail.com,Calle Sucre # 246,Activo
4917112LP,Miguel Lopez Perez,N,77315585,contribuyente676@mail.com,Calle Sucre # 34,Activo
9207899LP,Valeria Gomez Flores,N,77534197,contribuyente677@mail.com,Av. 6 de Agosto # 175,Activo
1222506LP,Carlos Perez Rojas,N,76586865,contribuyente678@mail.com,El Prado # 120,Activo
2053550LP,Maria Perez Perez,N,76057003,contribuyente679@mail.com,Calle Sucre # 88,Activo
2939133LP,Maria Gomez Perez,N,76064840,contribuyente680@mail.com,Plaza Principal # 209,Activo
3499123LP,Carlos Fernandez Fernandez,N,76550531,contribuyente681@mail.com,Calle Sucre # 161,Activo
3186336LP,Carlos Condori Gomez,N,77505172,contribuyente682@mail.com,El Prado # 482,Activo
5340613LP,Maria Flores Gomez,N,77146143,contribuyente683@mail.com,Av. 6 de Agosto # 50,Activo
5916073LP,Carlos Lopez Fernandez,N,77891679,contribuyente684@mail.com,Calle Potosí # 55,Inactivo
1125986LP,Luis Perez Vargas,N,76823508,contribuyente685@mail.com,El Prado # 171,Activo
4906149LP,Jorge Rojas Perez,N,76958878,contribuyente686@mail.com,Av. Arce # 448,Activo
1379748LP,Maria Lopez Flores,N,76797008,contribuyente687@mail.com,Calle Sucre # 281,Inactivo
9332093LP,Luis Gomez Vargas,N,76415076,contribuyente688@mail.com,Av. 6 de Agosto # 11,Activo
1520602LP,Miguel Lopez Quispe,N,77675698,contribuyente689@mail.com,Av. 6 de Agosto # 388,Observado
6723717LP,Maria Vargas Condori,N,77088451,contribuyente690@mail.com,Plaza Principal # 196,Activo
4084018LP,Lucia Condori Mamani,N,77883527,contribuyente691@mail.com,Plaza Principal # 56,Activo
9766152LP,Sofia Perez Vargas,N,77986454,contribuyente692@mail.com,El Prado # 167,Activo
2667077LP,Valeria Mamani Condori,N,76400102,contribuyente693@mail.com,Av. Arce # 429,Activo
2390910LP,Maria Flores Condori,N,77033289,contribuyente694@mail.com,Av. Arce # 119,Activo
1752068LP,Miguel Rojas Mamani,N,77806135,contribuyente695@mail.com,Av. Arce # 347,Activo
1508226LP,Ana Fernandez Quispe,N,77891763,contribuyente696@mail.com,Av. Arce # 49,Inactivo
5843036LP,Carlos Flores Gomez,N,77557664,contribuyente697@mail.com,Av. Arce # 11,Activo
6550769LP,Miguel Fernandez Flores,N,77063043,contribuyente698@mail.com,Plaza Principal # 335,Activo
9236346LP,Maria Vargas Lopez,N,76634358,contribuyente699@mail.com,Plaza Principal # 323,Activo
6314928LP,Valeria Lopez Mamani,N,76031029,contribuyente700@mail.com,Calle Potosí # 62,Activo
1089071LP,Sofia Fernandez Condori,N,77079657,contribuyente701@mail.com,Av. Arce # 284,Activo
2095854LP,Ana Mamani Mamani,N,77822626,contribuyente702@mail.com,Calle Potosí # 379,Inactivo
4311983LP,Miguel Fernandez Gomez,N,77927760,contribuyente703@mail.com,Calle Sucre # 308,Activo
8892467LP,Valeria Quispe Vargas,N,77183738,contribuyente704@mail.com,Plaza Principal # 155,Activo
9050495LP,Carlos Rojas Condori,N,77208613,contribuyente705@mail.com,Calle Sucre # 63,Inactivo
3965893LP,Luis Condori Mamani,N,76637655,contribuyente706@mail.com,El Prado # 364,Activo
1287490LP,Lucia Flores Condori,N,77121251,contribuyente707@mail.com,Av. 6 de Agosto # 465,Activo
8633475LP,Maria Fernandez Rojas,N,76000571,contribuyente708@mail.com,El Prado # 465,Inactivo
1773047LP,Carlos Fernandez Vargas,N,77765793,contribuyente709@mail.com,Av. 6 de Agosto # 368,Activo
1453777LP,Ana Rojas Flores,N,77670796,contribuyente710@mail.com,Calle Sucre # 385,Activo
5975549LP,Jorge Fernandez Condori,N,77260335,contribuyente711@mail.com,Calle Potosí # 28,Activo
4496245LP,Lucia Mamani Quispe,N,77641409,contribuyente712@mail.com,Calle Sucre # 159,Activo
3617388LP,Valeria Gomez Condori,N,77117383,contribuyente713@mail.com,El Prado # 50,Activo
3510757LP,Sofia Vargas Fernandez,N,77122977,contribuyente714@mail.com,Calle Sucre # 183,Inactivo
1535785LP,Maria Flores Lopez,N,76820588,contribuyente715@mail.com,Plaza Principal # 132,Activo
1705159LP,Miguel Perez Vargas,N,77392327,contribuyente716@mail.com,Calle Sucre # 386,Activo
1231914LP,Lucia Rojas Flores,N,77468605,contribuyente717@mail.com,El Prado # 339,Activo
2168552LP,Ana Vargas Gomez,N,76554224,contribuyente718@mail.com,Calle Potosí # 295,Activo
8867991LP,Jorge Rojas Gomez,N,77699783,contribuyente719@mail.com,Av. Arce # 278,Activo
5437783LP,Pedro Quispe Vargas,N,77266999,contribuyente720@mail.com,Av. Arce # 273,Activo
4996714LP,Sofia Mamani Perez,N,76815861,contribuyente721@mail.com,Av. Arce # 223,Activo
5263053LP,Lucia Gomez Quispe,N,76474346,contribuyente722@mail.com,Av. 6 de Agosto # 147,Activo
4523570LP,Carlos Gomez Mamani,N,76434596,contribuyente723@mail.com,Calle Potosí # 62,Activo
9885790LP,Jorge Lopez Gomez,N,76178813,contribuyente724@mail.com,Av. Arce # 332,Activo
1840948LP,Maria Rojas Flores,N,76424625,contribuyente725@mail.com,Calle Sucre # 440,Activo
4417654LP,Ana Lopez Perez,N,76405928,contribuyente726@mail.com,El Prado # 447,Activo
9464544LP,Luis Condori Rojas,N,76970268,contribuyente727@mail.com,Plaza Principal # 337,Activo
9746203LP,Valeria Gomez Vargas,N,77980618,contribuyente728@mail.com,Av. 6 de Agosto # 337,Activo
5983936LP,Luis Rojas Perez,N,77170170,contribuyente729@mail.com,Plaza Principal # 289,Activo
2591530LP,Carlos Flores Flores,N,77600544,contribuyente730@mail.com,Av. 6 de Agosto # 193,Activo
7493567LP,Lucia Mamani Condori,N,76876370,contribuyente731@mail.com,Av. 6 de Agosto # 19,Activo
7925636LP,Jorge Mamani Flores,N,77675567,contribuyente732@mail.com,Av. Arce # 31,Activo
7073477LP,Jorge Quispe Mamani,N,77147720,contribuyente733@mail.com,Av. 6 de Agosto # 103,Activo
7003698LP,Valeria Rojas Condori,N,77296965,contribuyente734@mail.com,Av. 6 de Agosto # 14,Activo
4801070LP,Jorge Lopez Mamani,N,76967924,contribuyente735@mail.com,Calle Sucre # 231,Activo
3772670LP,Pedro Lopez Flores,N,77388877,contribuyente736@mail.com,Av. 6 de Agosto # 109,Activo
3096076LP,Ana Gomez Gomez,N,77218118,contribuyente737@mail.com,Av. 6 de Agosto # 418,Activo
5311440LP,Maria Quispe Perez,N,77345103,contribuyente738@mail.com,Av. 6 de Agosto # 424,Activo
1510175LP,Maria Condori Flores,N,77693206,contribuyente739@mail.com,Calle Sucre # 239,Activo
5307795LP,Pedro Gomez Perez,N,76414207,contribuyente740@mail.com,Plaza Principal # 264,Activo
3568765LP,Jorge Condori Gomez,N,76679712,contribuyente741@mail.com,Calle Sucre # 149,Activo
6692324LP,Maria Gomez Flores,N,77058845,contribuyente742@mail.com,Plaza Principal # 442,Activo
1411411LP,Pedro Gomez Fernandez,N,76604494,contribuyente743@mail.com,Calle Potosí # 230,Activo
6465195LP,Sofia Flores Quispe,N,76359171,contribuyente744@mail.com,Av. Arce # 381,Activo
1666589LP,Miguel Quispe Mamani,N,76444052,contribuyente745@mail.com,Av. 6 de Agosto # 215,Activo
5315627LP,Ana Fernandez Quispe,N,77678959,contribuyente746@mail.com,El Prado # 23,Activo
7203647LP,Jorge Vargas Rojas,N,77069482,contribuyente747@mail.com,Calle Sucre # 326,Activo
9873643LP,Jorge Flores Condori,N,76088986,contribuyente748@mail.com,Av. 6 de Agosto # 270,Activo
9117030LP,Luis Vargas Rojas,N,77724597,contribuyente749@mail.com,Plaza Principal # 472,Activo
7182526LP,Pedro Flores Fernandez,N,77258961,contribuyente750@mail.com,Av. Arce # 79,Activo
1756354LP,Pedro Gomez Perez,N,76313555,contribuyente751@mail.com,Plaza Principal # 390,Activo
5358548LP,Lucia Gomez Perez,N,77283588,contribuyente752@mail.com,Calle Sucre # 154,Activo
6081191LP,Ana Fernandez Lopez,N,76039704,contribuyente753@mail.com,El Prado # 378,Activo
6431197LP,Carlos Quispe Gomez,N,76360704,contribuyente754@mail.com,Calle Potosí # 241,Activo
7775339LP,Luis Rojas Quispe,N,77223096,contribuyente755@mail.com,Calle Sucre # 274,Activo
7656445LP,Valeria Flores Vargas,N,77670046,contribuyente756@mail.com,Plaza Principal # 156,Inactivo
1912679LP,Carlos Condori Lopez,N,77180627,contribuyente757@mail.com,Calle Potosí # 13,Activo
1815668LP,Carlos Quispe Quispe,N,77060082,contribuyente758@mail.com,Av. Arce # 426,Activo
7680816LP,Ana Vargas Lopez,N,76856271,contribuyente759@mail.com,Av. 6 de Agosto # 261,Activo
6539678LP,Maria Flores Rojas,N,77907443,contribuyente760@mail.com,El Prado # 494,Activo
4662864LP,Maria Gomez Gomez,N,76429612,contribuyente761@mail.com,El Prado # 175,Activo
8161643LP,Lucia Perez Fernandez,N,76518922,contribuyente762@mail.com,Calle Sucre # 269,Activo
7626369LP,Ana Fernandez Lopez,N,77538106,contribuyente763@mail.com,Av. Arce # 305,Activo
5960962LP,Lucia Rojas Flores,N,77383024,contribuyente764@mail.com,Calle Sucre # 373,Activo
2760292LP,Luis Flores Quispe,N,76976905,contribuyente765@mail.com,Av. Arce # 141,Inactivo
8653066LP,Ana Rojas Perez,N,76973668,contribuyente766@mail.com,Av. Arce # 428,Activo
8932351LP,Ana Quispe Lopez,N,76801431,contribuyente767@mail.com,El Prado # 60,Inactivo
7507625LP,Maria Perez Rojas,N,77142715,contribuyente768@mail.com,Av. 6 de Agosto # 299,Activo
9095946LP,Ana Mamani Gomez,N,77103686,contribuyente769@mail.com,Calle Sucre # 301,Activo
4861813LP,Valeria Perez Perez,N,77864711,contribuyente770@mail.com,Calle Sucre # 292,Observado
6509221LP,Lucia Flores Gomez,N,77533676,contribuyente771@mail.com,Av. Arce # 183,Activo
7996811LP,Luis Flores Gomez,N,76103419,contribuyente772@mail.com,Plaza Principal # 418,Activo
8187410LP,Lucia Condori Gomez,N,77961517,contribuyente773@mail.com,Calle Sucre # 424,Inactivo
5266249LP,Miguel Rojas Vargas,N,76439118,contribuyente774@mail.com,El Prado # 489,Activo
1497119LP,Ana Perez Quispe,N,77891842,contribuyente775@mail.com,Plaza Principal # 23,Observado
2190498LP,Pedro Vargas Vargas,N,77716710,contribuyente776@mail.com,El Prado # 466,Activo
6083328LP,Pedro Fernandez Quispe,N,76957450,contribuyente777@mail.com,Calle Potosí # 426,Activo
1940807LP,Valeria Flores Quispe,N,76907473,contribuyente778@mail.com,Av. 6 de Agosto # 162,Inactivo
8842887LP,Valeria Lopez Lopez,N,77153004,contribuyente779@mail.com,El Prado # 105,Activo
2956237LP,Luis Perez Quispe,N,76474861,contribuyente780@mail.com,Calle Potosí # 305,Activo
2542548LP,Pedro Mamani Fernandez,N,77243582,contribuyente781@mail.com,Av. Arce # 301,Activo
3578554LP,Ana Fernandez Mamani,N,76851813,contribuyente782@mail.com,El Prado # 451,Activo
3397833LP,Maria Rojas Flores,N,77449919,contribuyente783@mail.com,El Prado # 38,Activo
7456295LP,Valeria Perez Mamani,N,76788000,contribuyente784@mail.com,El Prado # 432,Inactivo
7977980LP,Luis Rojas Flores,N,77280938,contribuyente785@mail.com,Plaza Principal # 72,Inactivo
7183571LP,Miguel Gomez Fernandez,N,77800667,contribuyente786@mail.com,Calle Potosí # 222,Observado
4325308LP,Miguel Gomez Gomez,N,77564987,contribuyente787@mail.com,Calle Sucre # 389,Activo
4999342LP,Lucia Rojas Lopez,N,76281645,contribuyente788@mail.com,Av. 6 de Agosto # 104,Activo
4604675LP,Miguel Mamani Quispe,N,76749233,contribuyente789@mail.com,Plaza Principal # 356,Activo
6398571LP,Sofia Gomez Quispe,N,76752929,contribuyente790@mail.com,El Prado # 251,Activo
2215393LP,Carlos Flores Quispe,N,77005196,contribuyente791@mail.com,Calle Sucre # 102,Activo
7135049LP,Jorge Mamani Lopez,N,77046641,contribuyente792@mail.com,El Prado # 294,Activo
5335598LP,Pedro Vargas Gomez,N,76128007,contribuyente793@mail.com,Plaza Principal # 77,Activo
7925997LP,Maria Rojas Quispe,N,77931053,contribuyente794@mail.com,El Prado # 297,Activo
7681412LP,Maria Vargas Lopez,N,76219368,contribuyente795@mail.com,Calle Sucre # 238,Activo
4735901LP,Miguel Perez Flores,N,76968469,contribuyente796@mail.com,Calle Potosí # 65,Activo
3200878LP,Maria Rojas Quispe,N,77363065,contribuyente797@mail.com,Calle Sucre # 304,Activo
7418617LP,Carlos Rojas Vargas,N,76677377,contribuyente798@mail.com,Calle Sucre # 393,Activo
1665122LP,Valeria Mamani Vargas,N,77391483,contribuyente799@mail.com,Calle Potosí # 498,Activo
1053397LP,Miguel Rojas Lopez,N,76459856,contribuyente800@mail.com,Calle Potosí # 316,Activo
1672063LP,Maria Fernandez Flores,N,77644319,contribuyente801@mail.com,El Prado # 323,Activo
8747003LP,Jorge Fernandez Quispe,N,77892687,contribuyente802@mail.com,Plaza Principal # 42,Activo
6604401LP,Sofia Quispe Quispe,N,77512174,contribuyente803@mail.com,El Prado # 428,Activo
5254164LP,Lucia Perez Gomez,N,76598178,contribuyente804@mail.com,Calle Sucre # 383,Activo
5193879LP,Miguel Flores Condori,N,77642638,contribuyente805@mail.com,El Prado # 448,Inactivo
3218443LP,Valeria Gomez Mamani,N,77730366,contribuyente806@mail.com,Calle Sucre # 261,Activo
4396349LP,Ana Lopez Mamani,N,76317173,contribuyente807@mail.com,Calle Sucre # 117,Activo
2076112LP,Pedro Mamani Mamani,N,77303941,contribuyente808@mail.com,El Prado # 272,Activo
2059736LP,Luis Vargas Condori,N,76672311,contribuyente809@mail.com,Av. 6 de Agosto # 212,Inactivo
3466560LP,Luis Rojas Rojas,N,76754875,contribuyente810@mail.com,Av. 6 de Agosto # 150,Activo
7226650LP,Luis Quispe Quispe,N,76377916,contribuyente811@mail.com,Plaza Principal # 187,Activo
2221643LP,Maria Lopez Lopez,N,76359156,contribuyente812@mail.com,Plaza Principal # 305,Activo
8116009LP,Maria Gomez Mamani,N,77001782,contribuyente813@mail.com,El Prado # 498,Activo
7334444LP,Jorge Quispe Perez,N,77107387,contribuyente814@mail.com,Av. 6 de Agosto # 150,Observado
8890028LP,Valeria Lopez Gomez,N,77910906,contribuyente815@mail.com,Av. 6 de Agosto # 153,Activo
4841712LP,Pedro Perez Mamani,N,76494382,contribuyente816@mail.com,Calle Potosí # 433,Observado
9887299LP,Valeria Quispe Fernandez,N,77293023,contribuyente817@mail.com,Av. 6 de Agosto # 153,Activo
2121595LP,Pedro Gomez Perez,N,76930032,contribuyente818@mail.com,Av. Arce # 47,Activo
5113337LP,Sofia Vargas Quispe,N,76159941,contribuyente819@mail.com,Av. 6 de Agosto # 464,Inactivo
5960247LP,Lucia Fernandez Gomez,N,76334435,contribuyente820@mail.com,Av. 6 de Agosto # 24,Activo
6595142LP,Sofia Condori Quispe,N,77907426,contribuyente821@mail.com,El Prado # 472,Activo
5010314LP,Luis Quispe Perez,N,77324027,contribuyente822@mail.com,Av. 6 de Agosto # 245,Activo
2119500LP,Luis Vargas Flores,N,77539352,contribuyente823@mail.com,El Prado # 286,Activo
4100406LP,Sofia Condori Fernandez,N,77925061,contribuyente824@mail.com,Plaza Principal # 404,Activo
9577965LP,Jorge Rojas Gomez,N,77275981,contribuyente825@mail.com,Calle Potosí # 410,Activo
1357181LP,Ana Fernandez Fernandez,N,77437467,contribuyente826@mail.com,Av. 6 de Agosto # 213,Activo
2793795LP,Maria Flores Vargas,N,76223569,contribuyente827@mail.com,Calle Sucre # 349,Activo
2620510LP,Ana Rojas Perez,N,76975099,contribuyente828@mail.com,Av. 6 de Agosto # 160,Activo
3742693LP,Maria Perez Gomez,N,77072881,contribuyente829@mail.com,Calle Sucre # 33,Activo
7454618LP,Lucia Gomez Vargas,N,77327642,contribuyente830@mail.com,Calle Potosí # 351,Activo
6473469LP,Jorge Fernandez Condori,N,76531135,contribuyente831@mail.com,El Prado # 476,Activo
8770957LP,Lucia Flores Gomez,N,77659385,contribuyente832@mail.com,Calle Sucre # 262,Activo
1234789LP,Miguel Condori Vargas,N,77301997,contribuyente833@mail.com,Plaza Principal # 441,Activo
6308129LP,Jorge Lopez Condori,N,76853603,contribuyente834@mail.com,Calle Potosí # 459,Activo
7705448LP,Jorge Gomez Gomez,N,77388523,contribuyente835@mail.com,Calle Sucre # 188,Activo
6662265LP,Sofia Gomez Lopez,N,76253701,contribuyente836@mail.com,Calle Potosí # 420,Activo
9007551LP,Maria Perez Quispe,N,76318263,contribuyente837@mail.com,Calle Sucre # 171,Activo
7561436LP,Maria Vargas Lopez,N,77256987,contribuyente838@mail.com,Plaza Principal # 228,Activo
6505385LP,Ana Perez Condori,N,76527952,contribuyente839@mail.com,Plaza Principal # 14,Activo
9108036LP,Luis Flores Quispe,N,77952372,contribuyente840@mail.com,Calle Potosí # 404,Activo
2179569LP,Valeria Gomez Flores,N,77844177,contribuyente841@mail.com,Av. 6 de Agosto # 389,Activo
7627711LP,Jorge Quispe Lopez,N,76205245,contribuyente842@mail.com,Calle Sucre # 300,Inactivo
5591098LP,Pedro Perez Fernandez,N,76192266,contribuyente843@mail.com,Av. Arce # 73,Activo
8813710LP,Ana Lopez Gomez,N,77529806,contribuyente844@mail.com,Calle Potosí # 28,Activo
5173596LP,Maria Rojas Gomez,N,76369920,contribuyente845@mail.com,Av. 6 de Agosto # 232,Inactivo
9896061LP,Lucia Quispe Gomez,N,77980031,contribuyente846@mail.com,Calle Sucre # 118,Inactivo
6696260LP,Miguel Lopez Flores,N,76487402,contribuyente847@mail.com,Plaza Principal # 116,Activo
7362286LP,Pedro Vargas Flores,N,77329206,contribuyente848@mail.com,El Prado # 416,Observado
3691659LP,Jorge Gomez Rojas,N,76306611,contribuyente849@mail.com,Av. 6 de Agosto # 153,Activo
2959598LP,Pedro Condori Fernandez,N,76217799,contribuyente850@mail.com,Calle Sucre # 35,Inactivo
8183283LP,Carlos Perez Flores,N,77545542,contribuyente851@mail.com,Plaza Principal # 421,Activo
3251839LP,Miguel Rojas Vargas,N,76863303,contribuyente852@mail.com,Av. Arce # 182,Activo
4103884LP,Carlos Lopez Perez,N,76922680,contribuyente853@mail.com,El Prado # 246,Inactivo
2965156LP,Jorge Quispe Condori,N,77334627,contribuyente854@mail.com,Calle Potosí # 460,Activo
7921353LP,Ana Rojas Vargas,N,77206545,contribuyente855@mail.com,Av. 6 de Agosto # 243,Activo
5166673LP,Jorge Flores Quispe,N,77218934,contribuyente856@mail.com,Calle Potosí # 223,Activo
7709808LP,Pedro Vargas Lopez,N,77445938,contribuyente857@mail.com,El Prado # 286,Activo
6009395LP,Pedro Fernandez Condori,N,77733136,contribuyente858@mail.com,Plaza Principal # 114,Activo
9823862LP,Valeria Rojas Lopez,N,76793048,contribuyente859@mail.com,Av. 6 de Agosto # 302,Activo
9228637LP,Miguel Perez Condori,N,76985590,contribuyente860@mail.com,Calle Potosí # 59,Activo
8134985LP,Lucia Rojas Fernandez,N,77789774,contribuyente861@mail.com,El Prado # 381,Activo
9106646LP,Ana Lopez Flores,N,76535914,contribuyente862@mail.com,Av. Arce # 198,Activo
9153222LP,Miguel Flores Lopez,N,77782724,contribuyente863@mail.com,Av. 6 de Agosto # 456,Inactivo
3392490LP,Ana Gomez Vargas,N,76475548,contribuyente864@mail.com,Av. Arce # 196,Observado
6887770LP,Sofia Perez Quispe,N,76737118,contribuyente865@mail.com,El Prado # 177,Activo
7011368LP,Sofia Condori Mamani,N,76026009,contribuyente866@mail.com,El Prado # 287,Activo
9853941LP,Ana Mamani Rojas,N,76494260,contribuyente867@mail.com,Plaza Principal # 286,Activo
9636367LP,Sofia Condori Vargas,N,77327976,contribuyente868@mail.com,Av. Arce # 199,Inactivo
3248265LP,Valeria Mamani Fernandez,N,77143409,contribuyente869@mail.com,Calle Potosí # 156,Activo
3885359LP,Ana Lopez Lopez,N,77392388,contribuyente870@mail.com,Av. 6 de Agosto # 241,Activo
8117724LP,Lucia Rojas Rojas,N,76642213,contribuyente871@mail.com,Av. Arce # 335,Activo
6157501LP,Jorge Rojas Perez,N,77839757,contribuyente872@mail.com,Calle Sucre # 238,Activo
5580441LP,Miguel Perez Gomez,N,76756388,contribuyente873@mail.com,Calle Sucre # 118,Activo
7978247LP,Valeria Mamani Flores,N,76956424,contribuyente874@mail.com,Calle Potosí # 22,Activo
7343294LP,Luis Flores Lopez,N,76019815,contribuyente875@mail.com,Av. 6 de Agosto # 175,Activo
7506557LP,Luis Fernandez Vargas,N,76547491,contribuyente876@mail.com,Calle Potosí # 225,Activo
5660552LP,Lucia Quispe Mamani,N,76361369,contribuyente877@mail.com,Calle Potosí # 396,Activo
6477159LP,Luis Lopez Perez,N,77167949,contribuyente878@mail.com,Calle Potosí # 374,Activo
6556130LP,Valeria Vargas Rojas,N,76521185,contribuyente879@mail.com,Plaza Principal # 427,Inactivo
3003747LP,Miguel Lopez Flores,N,76136214,contribuyente880@mail.com,Calle Potosí # 162,Activo
2114234LP,Ana Perez Condori,N,76149799,contribuyente881@mail.com,El Prado # 230,Activo
9645964LP,Carlos Gomez Gomez,N,76181869,contribuyente882@mail.com,Av. 6 de Agosto # 169,Activo
9583157LP,Luis Condori Rojas,N,76262919,contribuyente883@mail.com,Plaza Principal # 324,Activo
6629836LP,Ana Condori Perez,N,76514688,contribuyente884@mail.com,Plaza Principal # 105,Inactivo
3550755LP,Ana Condori Flores,N,76536120,contribuyente885@mail.com,Plaza Principal # 477,Activo
9178302LP,Valeria Quispe Condori,N,76178154,contribuyente886@mail.com,Av. 6 de Agosto # 19,Activo
9297644LP,Valeria Fernandez Vargas,N,76836658,contribuyente887@mail.com,El Prado # 278,Activo
2122149LP,Carlos Gomez Fernandez,N,77688236,contribuyente888@mail.com,Calle Potosí # 436,Activo
5621285LP,Luis Lopez Lopez,N,76797621,contribuyente889@mail.com,Calle Potosí # 36,Activo
2211547LP,Sofia Perez Fernandez,N,76919088,contribuyente890@mail.com,Av. Arce # 437,Activo
8244718LP,Maria Vargas Mamani,N,77589235,contribuyente891@mail.com,Plaza Principal # 66,Activo
1146921LP,Luis Lopez Flores,N,76591223,contribuyente892@mail.com,Calle Potosí # 175,Activo
6661417LP,Sofia Quispe Condori,N,77425407,contribuyente893@mail.com,El Prado # 298,Activo
5266624LP,Miguel Condori Fernandez,N,76965414,contribuyente894@mail.com,Calle Sucre # 198,Activo
2924599LP,Jorge Perez Quispe,N,77464285,contribuyente895@mail.com,El Prado # 383,Activo
2753892LP,Ana Fernandez Perez,N,76149680,contribuyente896@mail.com,Av. Arce # 417,Observado
2878305LP,Luis Quispe Condori,N,77923267,contribuyente897@mail.com,Av. Arce # 54,Activo
8377751LP,Valeria Lopez Condori,N,77549078,contribuyente898@mail.com,Plaza Principal # 297,Activo
5775365LP,Maria Fernandez Condori,N,77865273,contribuyente899@mail.com,Av. Arce # 92,Activo
5297230LP,Sofia Gomez Lopez,N,77891397,contribuyente900@mail.com,Calle Potosí # 191,Activo
2688293LP,Luis Vargas Mamani,N,77956127,contribuyente901@mail.com,El Prado # 275,Activo
9878364LP,Miguel Quispe Gomez,N,77505855,contribuyente902@mail.com,El Prado # 470,Activo
1168963LP,Carlos Condori Rojas,N,76400329,contribuyente903@mail.com,El Prado # 21,Activo
7630807LP,Carlos Quispe Condori,N,77399385,contribuyente904@mail.com,Av. Arce # 264,Activo
1030381LP,Ana Perez Mamani,N,77252067,contribuyente905@mail.com,Av. 6 de Agosto # 364,Activo
5899005LP,Pedro Mamani Condori,N,77230243,contribuyente906@mail.com,Plaza Principal # 183,Inactivo
3556737LP,Sofia Vargas Rojas,N,76565939,contribuyente907@mail.com,Calle Sucre # 199,Observado
9890483LP,Valeria Fernandez Perez,N,76324885,contribuyente908@mail.com,Calle Potosí # 391,Activo
3256178LP,Carlos Lopez Quispe,N,76512815,contribuyente909@mail.com,Av. Arce # 347,Inactivo
4355137LP,Luis Perez Vargas,N,77619437,contribuyente910@mail.com,Av. Arce # 317,Activo
4798782LP,Valeria Vargas Vargas,N,77690881,contribuyente911@mail.com,Plaza Principal # 33,Observado
1779272LP,Valeria Fernandez Fernandez,N,77123412,contribuyente912@mail.com,El Prado # 349,Activo
7154701LP,Pedro Vargas Mamani,N,77300869,contribuyente913@mail.com,Calle Potosí # 370,Activo
5681037LP,Lucia Condori Mamani,N,76274641,contribuyente914@mail.com,Calle Potosí # 266,Activo
5914459LP,Luis Mamani Condori,N,76479444,contribuyente915@mail.com,Av. 6 de Agosto # 351,Activo
7731798LP,Jorge Lopez Perez,N,77140364,contribuyente916@mail.com,Av. 6 de Agosto # 405,Activo
3604628LP,Lucia Gomez Rojas,N,76736708,contribuyente917@mail.com,Av. Arce # 241,Observado
4458832LP,Lucia Lopez Quispe,N,76712141,contribuyente918@mail.com,Calle Potosí # 175,Activo
4290110LP,Pedro Fernandez Gomez,N,77602385,contribuyente919@mail.com,Calle Potosí # 54,Activo
9512202LP,Sofia Fernandez Vargas,N,77616940,contribuyente920@mail.com,Calle Sucre # 350,Activo
3435228LP,Ana Vargas Flores,N,76086500,contribuyente921@mail.com,El Prado # 77,Activo
3678750LP,Carlos Condori Vargas,N,77452260,contribuyente922@mail.com,Av. 6 de Agosto # 113,Activo
7890730LP,Pedro Lopez Rojas,N,77519987,contribuyente923@mail.com,Av. 6 de Agosto # 341,Activo
4009692LP,Carlos Flores Vargas,N,77342577,contribuyente924@mail.com,Av. Arce # 26,Activo
7843220LP,Maria Rojas Vargas,N,77528165,contribuyente925@mail.com,Av. Arce # 117,Observado
9731803LP,Pedro Mamani Vargas,N,77322649,contribuyente926@mail.com,El Prado # 48,Activo
6645808LP,Sofia Gomez Mamani,N,76318439,contribuyente927@mail.com,Calle Sucre # 471,Activo
9107822LP,Luis Flores Perez,N,76125116,contribuyente928@mail.com,Calle Potosí # 480,Activo
8953956LP,Maria Perez Gomez,N,76334171,contribuyente929@mail.com,Calle Potosí # 159,Activo
4758069LP,Maria Gomez Perez,N,76721430,contribuyente930@mail.com,Plaza Principal # 459,Activo
7841506LP,Sofia Flores Flores,N,76223417,contribuyente931@mail.com,El Prado # 450,Activo
6255162LP,Pedro Vargas Rojas,N,77475719,contribuyente932@mail.com,Av. Arce # 255,Activo
2466010LP,Ana Perez Gomez,N,76009945,contribuyente933@mail.com,Av. Arce # 222,Inactivo
8660363LP,Lucia Perez Condori,N,77240347,contribuyente934@mail.com,Calle Sucre # 454,Activo
3463055LP,Lucia Mamani Fernandez,N,76683838,contribuyente935@mail.com,Av. 6 de Agosto # 219,Activo
8457769LP,Valeria Fernandez Gomez,N,77166488,contribuyente936@mail.com,Av. 6 de Agosto # 312,Activo
4017765LP,Valeria Mamani Lopez,N,77384648,contribuyente937@mail.com,Av. Arce # 473,Activo
2114444LP,Luis Quispe Rojas,N,76424056,contribuyente938@mail.com,Plaza Principal # 117,Activo
4843121LP,Maria Quispe Lopez,N,77131591,contribuyente939@mail.com,Calle Sucre # 456,Activo
9693125LP,Valeria Lopez Rojas,N,76137663,contribuyente940@mail.com,Av. 6 de Agosto # 270,Activo
9274599LP,Lucia Gomez Rojas,N,76757917,contribuyente941@mail.com,Plaza Principal # 201,Activo
8767232LP,Jorge Mamani Vargas,N,76114215,contribuyente942@mail.com,Plaza Principal # 488,Inactivo
6561015LP,Maria Lopez Quispe,N,76829728,contribuyente943@mail.com,Calle Potosí # 363,Activo
1030392LP,Carlos Lopez Quispe,N,76794138,contribuyente944@mail.com,Calle Potosí # 16,Activo
7872844LP,Sofia Lopez Rojas,N,76872697,contribuyente945@mail.com,Calle Potosí # 383,Inactivo
1473572LP,Jorge Condori Rojas,N,76417224,contribuyente946@mail.com,Calle Potosí # 156,Observado
5945774LP,Sofia Fernandez Perez,N,76782796,contribuyente947@mail.com,El Prado # 273,Observado
1376760LP,Carlos Fernandez Perez,N,77202911,contribuyente948@mail.com,Calle Sucre # 199,Activo
3985683LP,Pedro Quispe Mamani,N,76480069,contribuyente949@mail.com,Calle Sucre # 221,Activo
6816588LP,Sofia Flores Perez,N,77839560,contribuyente950@mail.com,El Prado # 464,Activo
2624728LP,Sofia Perez Perez,N,76404655,contribuyente951@mail.com,Plaza Principal # 355,Activo
8246650LP,Jorge Fernandez Condori,N,77673429,contribuyente952@mail.com,Av. 6 de Agosto # 295,Activo
5082750LP,Miguel Fernandez Flores,N,76723235,contribuyente953@mail.com,Calle Potosí # 397,Activo
8554687LP,Valeria Gomez Quispe,N,77037104,contribuyente954@mail.com,Av. 6 de Agosto # 487,Activo
6324931LP,Jorge Condori Quispe,N,76604259,contribuyente955@mail.com,Av. 6 de Agosto # 466,Inactivo
2907311LP,Maria Vargas Rojas,N,76744975,contribuyente956@mail.com,Plaza Principal # 264,Activo
4532311LP,Jorge Lopez Rojas,N,76994277,contribuyente957@mail.com,Plaza Principal # 324,Activo
5635962LP,Valeria Condori Quispe,N,77627773,contribuyente958@mail.com,Av. 6 de Agosto # 320,Activo
9431539LP,Jorge Condori Flores,N,76221845,contribuyente959@mail.com,Av. 6 de Agosto # 489,Inactivo
9433391LP,Carlos Perez Mamani,N,77698865,contribuyente960@mail.com,Calle Potosí # 478,Activo
5852533LP,Valeria Condori Rojas,N,76386243,contribuyente961@mail.com,Av. Arce # 462,Activo
9529305LP,Carlos Vargas Quispe,N,77205913,contribuyente962@mail.com,Calle Potosí # 97,Activo
1353484LP,Sofia Mamani Rojas,N,77607196,contribuyente963@mail.com,Calle Potosí # 131,Activo
1399286LP,Maria Lopez Rojas,N,77838122,contribuyente964@mail.com,Calle Potosí # 165,Activo
3533385LP,Carlos Perez Flores,N,76664728,contribuyente965@mail.com,Av. Arce # 425,Activo
7631967LP,Luis Mamani Rojas,N,77596649,contribuyente966@mail.com,Av. 6 de Agosto # 477,Activo
7991489LP,Jorge Vargas Perez,N,76252817,contribuyente967@mail.com,Av. 6 de Agosto # 365,Activo
1046297LP,Pedro Quispe Flores,N,76259889,contribuyente968@mail.com,Plaza Principal # 405,Activo
9612357LP,Carlos Mamani Fernandez,N,77263764,contribuyente969@mail.com,Calle Sucre # 30,Activo
8413854LP,Sofia Fernandez Mamani,N,77221858,contribuyente970@mail.com,Plaza Principal # 139,Activo
6449007LP,Jorge Lopez Gomez,N,77229289,contribuyente971@mail.com,Av. 6 de Agosto # 142,Activo
5338201LP,Ana Perez Quispe,N,77306985,contribuyente972@mail.com,Av. 6 de Agosto # 128,Activo
1997100LP,Sofia Rojas Rojas,N,77993682,contribuyente973@mail.com,Calle Potosí # 432,Activo
3737567LP,Jorge Vargas Fernandez,N,77433626,contribuyente974@mail.com,Av. Arce # 408,Activo
9732317LP,Lucia Gomez Lopez,N,77403647,contribuyente975@mail.com,Plaza Principal # 482,Activo
6605283LP,Ana Mamani Quispe,N,76656800,contribuyente976@mail.com,Av. 6 de Agosto # 307,Activo
1450415LP,Lucia Mamani Mamani,N,76323796,contribuyente977@mail.com,El Prado # 93,Activo
4317925LP,Lucia Condori Fernandez,N,77362446,contribuyente978@mail.com,Calle Sucre # 267,Activo
2025279LP,Maria Fernandez Mamani,N,76706960,contribuyente979@mail.com,Calle Sucre # 334,Activo
1131560LP,Jorge Condori Vargas,N,77948258,contribuyente980@mail.com,Calle Sucre # 422,Activo
2263973LP,Pedro Condori Flores,N,76653932,contribuyente981@mail.com,Calle Sucre # 174,Inactivo
1243544LP,Luis Gomez Quispe,N,77482480,contribuyente982@mail.com,Calle Potosí # 329,Activo
6920370LP,Luis Gomez Condori,N,76037758,contribuyente983@mail.com,El Prado # 99,Activo
2348592LP,Lucia Rojas Rojas,N,76562741,contribuyente984@mail.com,Calle Potosí # 473,Activo
5379050LP,Pedro Rojas Vargas,N,77613074,contribuyente985@mail.com,Plaza Principal # 460,Activo
1952233LP,Jorge Flores Gomez,N,77167706,contribuyente986@mail.com,El Prado # 394,Activo
9493737LP,Sofia Mamani Condori,N,77194975,contribuyente987@mail.com,Plaza Principal # 59,Activo
6084124LP,Pedro Gomez Rojas,N,77826727,contribuyente988@mail.com,Calle Potosí # 423,Activo
6270948LP,Pedro Mamani Flores,N,76864487,contribuyente989@mail.com,Av. Arce # 83,Activo
7094282LP,Ana Flores Fernandez,N,76622527,contribuyente990@mail.com,Av. 6 de Agosto # 304,Activo
4057901LP,Miguel Perez Quispe,N,77384387,contribuyente991@mail.com,Av. 6 de Agosto # 43,Activo
8416483LP,Valeria Gomez Gomez,N,77651823,contribuyente992@mail.com,Calle Sucre # 288,Activo
5280605LP,Valeria Perez Vargas,N,77659833,contribuyente993@mail.com,Calle Potosí # 198,Inactivo
7593429LP,Lucia Fernandez Flores,N,76829764,contribuyente994@mail.com,Calle Sucre # 249,Activo
9935390LP,Sofia Perez Vargas,N,76660406,contribuyente995@mail.com,El Prado # 176,Activo
5945004LP,Luis Perez Condori,N,77743484,contribuyente996@mail.com,Av. 6 de Agosto # 49,Inactivo
2440904LP,Miguel Quispe Fernandez,N,77175949,contribuyente997@mail.com,Av. Arce # 260,Activo
8753489LP,Ana Condori Gomez,N,76646750,contribuyente998@mail.com,Av. 6 de Agosto # 366,Activo
5815206LP,Lucia Fernandez Perez,N,77681429,contribuyente999@mail.com,Av. Arce # 318,Activo
9407550LP,Luis Perez Rojas,N,76564899,contribuyente1000@mail.com,Calle Potosí # 144,Observado
5705975LP,Maria Condori Mamani,N,77426917,contribuyente1001@mail.com,Calle Potosí # 269,Inactivo
5964553LP,Lucia Vargas Quispe,N,76692351,contribuyente1002@mail.com,Av. Arce # 489,Activo
9830389LP,Maria Vargas Rojas,N,77259770,contribuyente1003@mail.com,Plaza Principal # 253,Activo
4612070LP,Pedro Condori Vargas,N,76225257,contribuyente1004@mail.com,Plaza Principal # 428,Activo
6450773LP,Miguel Perez Vargas,N,77491557,contribuyente1005@mail.com,Calle Sucre # 95,Activo
9412992LP,Sofia Fernandez Lopez,N,76964088,contribuyente1006@mail.com,Plaza Principal # 295,Activo
3641919LP,Carlos Rojas Condori,N,77655994,contribuyente1007@mail.com,Av. Arce # 204,Inactivo
8364706LP,Pedro Vargas Mamani,N,77242364,contribuyente1008@mail.com,El Prado # 486,Inactivo
3597839LP,Luis Flores Gomez,N,77579479,contribuyente1009@mail.com,Calle Sucre # 28,Activo
1219735LP,Valeria Flores Perez,N,77532643,contribuyente1010@mail.com,Plaza Principal # 421,Activo
5627554LP,Sofia Rojas Rojas,N,76983982,contribuyente1011@mail.com,Av. 6 de Agosto # 499,Inactivo
6720757LP,Jorge Gomez Perez,N,77309663,contribuyente1012@mail.com,El Prado # 147,Activo
4474245LP,Ana Vargas Fernandez,N,77277259,contribuyente1013@mail.com,Av. 6 de Agosto # 312,Activo
8663957LP,Sofia Vargas Mamani,N,76556188,contribuyente1014@mail.com,El Prado # 32,Activo
6692818LP,Maria Mamani Lopez,N,77600920,contribuyente1015@mail.com,Calle Potosí # 436,Activo
9681338LP,Maria Gomez Rojas,N,76704654,contribuyente1016@mail.com,Av. Arce # 407,Activo
6475218LP,Ana Perez Rojas,N,76193469,contribuyente1017@mail.com,Calle Sucre # 444,Activo
8429926LP,Carlos Vargas Gomez,N,76851483,contribuyente1018@mail.com,Calle Potosí # 11,Activo
1102213LP,Miguel Gomez Flores,N,77937758,contribuyente1019@mail.com,Calle Potosí # 418,Activo
4588945LP,Luis Flores Condori,N,77077415,contribuyente1020@mail.com,Plaza Principal # 187,Inactivo
5755056LP,Jorge Rojas Lopez,N,77090705,contribuyente1021@mail.com,Av. 6 de Agosto # 469,Activo
3221585LP,Sofia Rojas Rojas,N,76627173,contribuyente1022@mail.com,Av. Arce # 348,Inactivo
9128388LP,Luis Rojas Fernandez,N,77213071,contribuyente1023@mail.com,Plaza Principal # 368,Activo
4020170LP,Carlos Fernandez Fernandez,N,76985149,contribuyente1024@mail.com,El Prado # 231,Activo
6314496LP,Maria Flores Gomez,N,77667455,contribuyente1025@mail.com,Calle Potosí # 109,Activo
5429558LP,Maria Gomez Flores,N,77630092,contribuyente1026@mail.com,Av. 6 de Agosto # 191,Activo
4346534LP,Lucia Perez Perez,N,76937272,contribuyente1027@mail.com,Plaza Principal # 453,Activo
8705217LP,Maria Gomez Quispe,N,77357751,contribuyente1028@mail.com,El Prado # 159,Activo
3881956LP,Sofia Mamani Flores,N,77040178,contribuyente1029@mail.com,Calle Sucre # 206,Inactivo
1227001LP,Maria Vargas Condori,N,76482138,contribuyente1030@mail.com,Calle Sucre # 175,Activo
6185537LP,Carlos Gomez Mamani,N,76565812,contribuyente1031@mail.com,El Prado # 425,Activo
2530419LP,Jorge Lopez Quispe,N,76354207,contribuyente1032@mail.com,Av. Arce # 377,Activo
2889042LP,Luis Flores Lopez,N,77083689,contribuyente1033@mail.com,Calle Sucre # 243,Inactivo
8180226LP,Pedro Perez Gomez,N,76512713,contribuyente1034@mail.com,Calle Sucre # 331,Activo
2753634LP,Luis Gomez Mamani,N,76601969,contribuyente1035@mail.com,El Prado # 493,Inactivo
8821838LP,Miguel Flores Vargas,N,77455605,contribuyente1036@mail.com,Av. Arce # 163,Inactivo
5608564LP,Sofia Lopez Perez,N,76649445,contribuyente1037@mail.com,Calle Sucre # 379,Observado
4515650LP,Lucia Flores Mamani,N,76865828,contribuyente1038@mail.com,Av. Arce # 266,Activo
9965661LP,Sofia Mamani Vargas,N,76093964,contribuyente1039@mail.com,El Prado # 223,Activo
4539897LP,Pedro Rojas Fernandez,N,76315153,contribuyente1040@mail.com,Av. Arce # 480,Activo
1976346LP,Pedro Flores Lopez,N,76467707,contribuyente1041@mail.com,Av. Arce # 357,Activo
2521370LP,Ana Fernandez Lopez,N,76384454,contribuyente1042@mail.com,Plaza Principal # 301,Activo
6664995LP,Carlos Flores Quispe,N,76913061,contribuyente1043@mail.com,Calle Sucre # 149,Activo
2120371LP,Miguel Mamani Condori,N,77630034,contribuyente1044@mail.com,Av. 6 de Agosto # 34,Inactivo
9844961LP,Maria Mamani Condori,N,76612540,contribuyente1045@mail.com,Calle Sucre # 232,Activo
4797058LP,Lucia Gomez Rojas,N,77155010,contribuyente1046@mail.com,Calle Potosí # 117,Activo
5092315LP,Pedro Gomez Perez,N,77402812,contribuyente1047@mail.com,Plaza Principal # 56,Activo
9924687LP,Luis Vargas Quispe,N,77073405,contribuyente1048@mail.com,Plaza Principal # 98,Observado
1488238LP,Jorge Lopez Quispe,N,77362855,contribuyente1049@mail.com,Av. 6 de Agosto # 47,Activo
6431297LP,Carlos Mamani Flores,N,77106428,contribuyente1050@mail.com,Av. 6 de Agosto # 68,Activo
8788674LP,Carlos Vargas Gomez,N,76031251,contribuyente1051@mail.com,Plaza Principal # 383,Activo
4076972LP,Ana Flores Flores,N,77570436,contribuyente1052@mail.com,Calle Sucre # 291,Inactivo
9729389LP,Maria Fernandez Gomez,N,76363346,contribuyente1053@mail.com,Av. Arce # 471,Activo
8010323LP,Jorge Mamani Lopez,N,76898241,contribuyente1054@mail.com,Calle Potosí # 327,Activo
7833636LP,Luis Fernandez Mamani,N,76649799,contribuyente1055@mail.com,Av. 6 de Agosto # 34,Activo
7992636LP,Carlos Fernandez Flores,N,77207987,contribuyente1056@mail.com,El Prado # 156,Activo
4864808LP,Pedro Perez Condori,N,76099062,contribuyente1057@mail.com,Calle Potosí # 494,Inactivo
1517324LP,Luis Quispe Perez,N,77014168,contribuyente1058@mail.com,Plaza Principal # 448,Activo
1884385LP,Lucia Quispe Fernandez,N,76865511,contribuyente1059@mail.com,Av. Arce # 333,Activo
7089194LP,Luis Vargas Rojas,N,77159977,contribuyente1060@mail.com,Calle Sucre # 33,Activo
4950409LP,Carlos Rojas Mamani,N,76829355,contribuyente1061@mail.com,Calle Potosí # 435,Activo
9193501LP,Maria Flores Rojas,N,76366750,contribuyente1062@mail.com,Plaza Principal # 332,Activo
8774805LP,Pedro Gomez Mamani,N,77265132,contribuyente1063@mail.com,Plaza Principal # 411,Activo
3535883LP,Pedro Vargas Condori,N,76358857,contribuyente1064@mail.com,Plaza Principal # 362,Activo
2308865LP,Miguel Quispe Perez,N,77551086,contribuyente1065@mail.com,Av. 6 de Agosto # 25,Activo
8328964LP,Jorge Rojas Flores,N,77596417,contribuyente1066@mail.com,Av. Arce # 235,Activo
7423733LP,Sofia Mamani Condori,N,77255618,contribuyente1067@mail.com,Av. 6 de Agosto # 493,Activo
8684311LP,Ana Rojas Perez,N,76506343,contribuyente1068@mail.com,Calle Sucre # 165,Observado
8494771LP,Lucia Mamani Rojas,N,76961267,contribuyente1069@mail.com,Av. 6 de Agosto # 460,Inactivo
1472486LP,Jorge Rojas Vargas,N,76565926,contribuyente1070@mail.com,Av. 6 de Agosto # 400,Inactivo
2802556LP,Miguel Gomez Quispe,N,76035122,contribuyente1071@mail.com,Av. Arce # 254,Activo
3667613LP,Ana Condori Rojas,N,76068862,contribuyente1072@mail.com,El Prado # 85,Activo
3742573LP,Pedro Rojas Quispe,N,76942589,contribuyente1073@mail.com,Calle Potosí # 139,Activo
8073969LP,Maria Mamani Lopez,N,77557877,contribuyente1074@mail.com,El Prado # 140,Inactivo
9105245LP,Miguel Perez Perez,N,76328180,contribuyente1075@mail.com,El Prado # 246,Activo
5637387LP,Sofia Quispe Flores,N,77523829,contribuyente1076@mail.com,Av. Arce # 249,Activo
1270134LP,Pedro Lopez Vargas,N,77129601,contribuyente1077@mail.com,Calle Sucre # 400,Activo
3112419LP,Carlos Fernandez Flores,N,76266954,contribuyente1078@mail.com,Av. 6 de Agosto # 203,Activo
4808876LP,Miguel Gomez Perez,N,76947001,contribuyente1079@mail.com,El Prado # 283,Activo
9050506LP,Miguel Rojas Gomez,N,76861942,contribuyente1080@mail.com,Plaza Principal # 107,Activo
3985682LP,Luis Mamani Condori,N,76980865,contribuyente1081@mail.com,Av. Arce # 382,Inactivo
8200111LP,Miguel Fernandez Quispe,N,76193824,contribuyente1082@mail.com,Av. 6 de Agosto # 180,Activo
1368899LP,Carlos Gomez Condori,N,77336546,contribuyente1083@mail.com,Av. 6 de Agosto # 110,Inactivo
5485841LP,Pedro Perez Vargas,N,77032994,contribuyente1084@mail.com,El Prado # 284,Activo
4494547LP,Ana Quispe Rojas,N,76806086,contribuyente1085@mail.com,Plaza Principal # 376,Activo
1191869LP,Lucia Quispe Fernandez,N,77743064,contribuyente1086@mail.com,Av. Arce # 130,Activo
6154438LP,Sofia Perez Mamani,N,76559583,contribuyente1087@mail.com,Calle Sucre # 363,Inactivo
5845213LP,Valeria Quispe Lopez,N,76661360,contribuyente1088@mail.com,Av. Arce # 109,Activo
7790161LP,Maria Perez Mamani,N,77615618,contribuyente1089@mail.com,Calle Sucre # 195,Observado
7546013LP,Maria Lopez Gomez,N,76083741,contribuyente1090@mail.com,Plaza Principal # 242,Activo
1395481LP,Ana Condori Condori,N,76734898,contribuyente1091@mail.com,Av. Arce # 71,Activo
6643831LP,Ana Rojas Fernandez,N,76026742,contribuyente1092@mail.com,Av. Arce # 48,Activo
9920102LP,Jorge Mamani Rojas,N,76084008,contribuyente1093@mail.com,Av. 6 de Agosto # 18,Activo
5839168LP,Lucia Condori Condori,N,77242764,contribuyente1094@mail.com,Plaza Principal # 372,Activo
5377334LP,Miguel Lopez Mamani,N,76963044,contribuyente1095@mail.com,Plaza Principal # 181,Activo
1295797LP,Ana Perez Flores,N,76121120,contribuyente1096@mail.com,Av. Arce # 100,Activo
8259775LP,Sofia Fernandez Gomez,N,76612953,contribuyente1097@mail.com,Calle Potosí # 99,Activo
5107637LP,Maria Lopez Condori,N,76142375,contribuyente1098@mail.com,El Prado # 483,Observado
3579089LP,Pedro Gomez Mamani,N,76848891,contribuyente1099@mail.com,El Prado # 75,Activo
3240473LP,Carlos Lopez Quispe,N,77496807,contribuyente1100@mail.com,Plaza Principal # 414,Inactivo
2331737LP,Luis Condori Gomez,N,76592999,contribuyente1101@mail.com,Av. Arce # 25,Activo
3905722LP,Luis Lopez Quispe,N,76806833,contribuyente1102@mail.com,Calle Potosí # 24,Inactivo
5018641LP,Pedro Perez Lopez,N,77165110,contribuyente1103@mail.com,Calle Potosí # 191,Activo
8577062LP,Lucia Vargas Fernandez,N,76046499,contribuyente1104@mail.com,Calle Sucre # 158,Activo
4536707LP,Ana Lopez Perez,N,76618315,contribuyente1105@mail.com,Av. 6 de Agosto # 310,Activo
3349949LP,Miguel Condori Vargas,N,76591926,contribuyente1106@mail.com,Av. 6 de Agosto # 462,Activo
6625850LP,Maria Condori Lopez,N,77645494,contribuyente1107@mail.com,Calle Sucre # 211,Activo
1252231LP,Maria Fernandez Lopez,N,76180726,contribuyente1108@mail.com,Calle Potosí # 437,Observado
6424496LP,Luis Condori Fernandez,N,77173093,contribuyente1109@mail.com,Av. 6 de Agosto # 54,Activo
9788815LP,Jorge Mamani Quispe,N,77743201,contribuyente1110@mail.com,Calle Potosí # 34,Activo
6993278LP,Ana Fernandez Rojas,N,76567481,contribuyente1111@mail.com,Plaza Principal # 73,Activo
1158202LP,Lucia Rojas Rojas,N,76853809,contribuyente1112@mail.com,El Prado # 371,Activo
9896359LP,Miguel Quispe Condori,N,76130193,contribuyente1113@mail.com,Av. 6 de Agosto # 278,Activo
3533180LP,Carlos Mamani Condori,N,77444269,contribuyente1114@mail.com,Av. Arce # 11,Activo
7737848LP,Lucia Vargas Lopez,N,76809711,contribuyente1115@mail.com,Plaza Principal # 180,Inactivo
7135638LP,Maria Vargas Rojas,N,77359101,contribuyente1116@mail.com,Plaza Principal # 480,Observado
3451277LP,Ana Perez Lopez,N,77885530,contribuyente1117@mail.com,Plaza Principal # 114,Activo
1253131LP,Lucia Perez Quispe,N,77788011,contribuyente1118@mail.com,El Prado # 130,Inactivo
2335695LP,Pedro Vargas Lopez,N,76788656,contribuyente1119@mail.com,Plaza Principal # 11,Activo
1189650LP,Jorge Condori Gomez,N,77658072,contribuyente1120@mail.com,El Prado # 470,Activo
9620698LP,Miguel Lopez Mamani,N,76567160,contribuyente1121@mail.com,El Prado # 449,Activo
4868362LP,Lucia Condori Gomez,N,77101069,contribuyente1122@mail.com,Calle Sucre # 11,Activo
2933516LP,Jorge Mamani Flores,N,77911174,contribuyente1123@mail.com,El Prado # 425,Activo
2757032LP,Carlos Mamani Mamani,N,76098560,contribuyente1124@mail.com,El Prado # 490,Activo
8569638LP,Lucia Condori Vargas,N,77266587,contribuyente1125@mail.com,Av. Arce # 262,Activo
1321487LP,Miguel Quispe Gomez,N,76004539,contribuyente1126@mail.com,Av. Arce # 175,Activo
5901343LP,Maria Fernandez Flores,N,76079349,contribuyente1127@mail.com,Plaza Principal # 462,Activo
7098747LP,Lucia Quispe Flores,N,77741180,contribuyente1128@mail.com,Calle Sucre # 238,Observado
1292835LP,Ana Fernandez Quispe,N,77538897,contribuyente1129@mail.com,Calle Sucre # 196,Activo
1345644LP,Valeria Mamani Mamani,N,77758224,contribuyente1130@mail.com,Plaza Principal # 352,Activo
6455798LP,Carlos Flores Lopez,N,77298726,contribuyente1131@mail.com,Calle Potosí # 255,Activo
5664827LP,Miguel Vargas Flores,N,77526315,contribuyente1132@mail.com,Calle Sucre # 205,Activo
9600341LP,Pedro Gomez Fernandez,N,76898873,contribuyente1133@mail.com,Av. Arce # 326,Inactivo
2078553LP,Sofia Lopez Rojas,N,77819655,contribuyente1134@mail.com,Plaza Principal # 179,Inactivo
1714521LP,Luis Mamani Perez,N,76217438,contribuyente1135@mail.com,Plaza Principal # 316,Activo
2913966LP,Lucia Fernandez Fernandez,N,76980269,contribuyente1136@mail.com,Calle Potosí # 101,Inactivo
8456606LP,Maria Condori Perez,N,76588194,contribuyente1137@mail.com,Av. Arce # 15,Activo
8480694LP,Carlos Flores Quispe,N,77576252,contribuyente1138@mail.com,Calle Sucre # 43,Activo
4630397LP,Sofia Condori Vargas,N,77550601,contribuyente1139@mail.com,Calle Potosí # 467,Inactivo
5126971LP,Valeria Vargas Mamani,N,76778734,contribuyente1140@mail.com,Calle Potosí # 196,Activo
9079343LP,Ana Gomez Mamani,N,77649755,contribuyente1141@mail.com,Calle Sucre # 446,Activo
9753828LP,Carlos Quispe Vargas,N,76183440,contribuyente1142@mail.com,Av. Arce # 300,Activo
4753924LP,Pedro Vargas Gomez,N,77011711,contribuyente1143@mail.com,Av. Arce # 487,Activo
7803138LP,Lucia Lopez Mamani,N,76510649,contribuyente1144@mail.com,Calle Sucre # 222,Observado
1214309LP,Maria Rojas Gomez,N,77608853,contribuyente1145@mail.com,Av. 6 de Agosto # 91,Activo
8453483LP,Lucia Mamani Gomez,N,77990785,contribuyente1146@mail.com,Calle Potosí # 240,Activo
1793366LP,Sofia Condori Quispe,N,76751756,contribuyente1147@mail.com,El Prado # 357,Activo
4734498LP,Miguel Flores Fernandez,N,76042811,contribuyente1148@mail.com,Av. Arce # 363,Activo
3112675LP,Valeria Condori Rojas,N,77027997,contribuyente1149@mail.com,Calle Potosí # 130,Activo
5272708LP,Jorge Lopez Vargas,N,76634960,contribuyente1150@mail.com,Calle Sucre # 436,Activo
2180282LP,Sofia Mamani Flores,N,77747692,contribuyente1151@mail.com,Av. 6 de Agosto # 231,Activo
2372285LP,Sofia Rojas Quispe,N,77876501,contribuyente1152@mail.com,Av. 6 de Agosto # 46,Activo
5420444LP,Sofia Mamani Perez,N,76189351,contribuyente1153@mail.com,Plaza Principal # 335,Activo
5649634LP,Luis Quispe Lopez,N,77581733,contribuyente1154@mail.com,Plaza Principal # 340,Activo
4884118LP,Miguel Quispe Quispe,N,76570739,contribuyente1155@mail.com,Plaza Principal # 11,Activo
2431021LP,Maria Mamani Fernandez,N,77115406,contribuyente1156@mail.com,Plaza Principal # 310,Activo
3340946LP,Carlos Quispe Rojas,N,77847642,contribuyente1157@mail.com,Calle Sucre # 376,Activo
8779456LP,Miguel Gomez Mamani,N,76679979,contribuyente1158@mail.com,El Prado # 322,Activo
6711254LP,Maria Rojas Gomez,N,76379440,contribuyente1159@mail.com,El Prado # 445,Activo
1847008LP,Miguel Condori Rojas,N,76957188,contribuyente1160@mail.com,Av. Arce # 171,Activo
8165678LP,Sofia Perez Fernandez,N,76689068,contribuyente1161@mail.com,Av. 6 de Agosto # 85,Activo
4961477LP,Maria Condori Perez,N,77549865,contribuyente1162@mail.com,El Prado # 292,Activo
3823604LP,Pedro Condori Condori,N,76323126,contribuyente1163@mail.com,El Prado # 173,Activo
5062026LP,Luis Rojas Rojas,N,77935348,contribuyente1164@mail.com,Calle Potosí # 250,Activo
9860105LP,Sofia Gomez Lopez,N,76650581,contribuyente1165@mail.com,Calle Sucre # 90,Activo
9998587LP,Luis Condori Lopez,N,76103236,contribuyente1166@mail.com,Av. 6 de Agosto # 480,Activo
8950292LP,Sofia Rojas Fernandez,N,77432278,contribuyente1167@mail.com,Av. 6 de Agosto # 39,Activo
3479181LP,Carlos Mamani Quispe,N,77868956,contribuyente1168@mail.com,Av. 6 de Agosto # 287,Inactivo
1441107LP,Miguel Rojas Perez,N,77228423,contribuyente1169@mail.com,Av. 6 de Agosto # 124,Activo
8760215LP,Ana Lopez Mamani,N,76633117,contribuyente1170@mail.com,El Prado # 392,Activo
6264722LP,Pedro Vargas Condori,N,76106244,contribuyente1171@mail.com,Calle Sucre # 305,Observado
2816706LP,Lucia Vargas Flores,N,76516571,contribuyente1172@mail.com,Av. 6 de Agosto # 162,Activo
2226444LP,Ana Gomez Condori,N,77201399,contribuyente1173@mail.com,Av. Arce # 42,Activo
8630670LP,Sofia Condori Flores,N,76922075,contribuyente1174@mail.com,Calle Potosí # 286,Activo
1374997LP,Valeria Flores Quispe,N,77844317,contribuyente1175@mail.com,Calle Potosí # 446,Activo
3965929LP,Luis Quispe Rojas,N,77262771,contribuyente1176@mail.com,Av. 6 de Agosto # 211,Activo
2916434LP,Valeria Rojas Gomez,N,76509217,contribuyente1177@mail.com,Av. 6 de Agosto # 488,Activo
2225957LP,Jorge Fernandez Mamani,N,77586865,contribuyente1178@mail.com,Av. 6 de Agosto # 54,Inactivo
8893331LP,Carlos Rojas Flores,N,76680169,contribuyente1179@mail.com,Calle Sucre # 256,Activo
6289536LP,Maria Gomez Rojas,N,76914542,contribuyente1180@mail.com,Av. Arce # 41,Activo
4987578LP,Ana Flores Perez,N,77766773,contribuyente1181@mail.com,Calle Potosí # 143,Activo
7520639LP,Lucia Perez Quispe,N,76882981,contribuyente1182@mail.com,Plaza Principal # 432,Activo
1266831LP,Lucia Condori Flores,N,77255426,contribuyente1183@mail.com,Calle Potosí # 392,Activo
8794882LP,Valeria Mamani Perez,N,76896466,contribuyente1184@mail.com,Av. Arce # 239,Activo
5823267LP,Valeria Vargas Gomez,N,77036443,contribuyente1185@mail.com,Calle Sucre # 131,Activo
6915670LP,Carlos Condori Flores,N,76617671,contribuyente1186@mail.com,Calle Sucre # 100,Inactivo
6796552LP,Maria Mamani Gomez,N,76482125,contribuyente1187@mail.com,Calle Potosí # 465,Activo
2351363LP,Luis Mamani Perez,N,77612391,contribuyente1188@mail.com,Calle Potosí # 107,Activo
2965255LP,Carlos Vargas Flores,N,76529466,contribuyente1189@mail.com,Av. Arce # 151,Activo
4664591LP,Pedro Perez Condori,N,76301845,contribuyente1190@mail.com,Av. Arce # 155,Observado
1141179LP,Lucia Condori Perez,N,77383936,contribuyente1191@mail.com,Av. 6 de Agosto # 156,Activo
8560846LP,Miguel Condori Quispe,N,77089057,contribuyente1192@mail.com,Av. Arce # 388,Inactivo
5342626LP,Valeria Lopez Fernandez,N,77881559,contribuyente1193@mail.com,Calle Sucre # 341,Observado
4476714LP,Jorge Lopez Quispe,N,77253839,contribuyente1194@mail.com,Av. Arce # 11,Activo
2141693LP,Carlos Perez Fernandez,N,77006430,contribuyente1195@mail.com,Calle Potosí # 87,Activo
2371899LP,Pedro Gomez Mamani,N,76135698,contribuyente1196@mail.com,Calle Potosí # 300,Inactivo
7082199LP,Carlos Quispe Perez,N,77508754,contribuyente1197@mail.com,Av. 6 de Agosto # 351,Activo
1380062LP,Jorge Perez Rojas,N,77229187,contribuyente1198@mail.com,Av. 6 de Agosto # 393,Activo
4700047LP,Ana Fernandez Rojas,N,77129673,contribuyente1199@mail.com,Calle Sucre # 262,Activo
